,0,1,2,3,4,5,6,7
0,1.0,1.0,0.0,0.0,1.0,0.0,0.0,0.0
1,1.0,1.0,0.0,0.0,0.0,0.0,0.0,0.0
2,1.0,4.0,0.0,0.0,0.0,0.0,0.0,0.0
3,1.0,3.0,0.0,0.0,1.0,0.0,0.0,0.0
4,1.0,9.0,0.0,0.0,1.0,0.0,0.0,0.0
5,1.0,6.0,0.0,0.0,0.0,0.0,0.0,0.0
6,1.0,4.0,0.0,0.0,0.0,0.0,0.0,0.0
7,1.0,1.0,0.0,0.0,1.0,0.0,0.0,0.0
8,1.0,1.0,0.0,0.0,0.0,0.0,0.0,0.0
9,1.0,1.0,0.0,0.0,0.0,0.0,0.0,0.0
10,1.0,1.0,0.0,0.0,1.0,0.0,0.0,0.0
11,1.0,3.0,0.0,0.0,0.0,0.0,0.0,0.0
12,1.0,5.0,0.0,0.0,0.0,0.0,0.0,0.0
13,1.0,3.0,0.0,0.0,0.0,0.0,0.0,0.0
14,1.0,2.0,0.0,0.0,1.0,0.0,0.0,0.0
15,0.0,0.0,0.0,0.0,0.0,0.0,0.0,0.0
16,0.0,0.0,0.0,0.0,0.0,0.0,0.0,0.0
17,0.0,0.0,0.0,0.0,0.0,0.0,0.0,0.0
18,0.0,0.0,0.0,0.0,0.0,0.0,0.0,0.0
19,0.0,0.0,0.0,0.0,0.0,0.0,0.0,0.0
20,0.0,0.0,0.0,0.0,0.0,0.0,0.0,0.0
21,0.0,0.0,0.0,0.0,0.0,0.0,0.0,0.0
22,0.0,0.0,0.0,0.0,0.0,0.0,0.0,0.0
23,1.0,2.0,0.0,0.0,0.0,0.0,0.0,1.0
24,1.0,1.0,0.0,0.0,0.0,0.0,0.0,1.0
25,0.0,0.0,0.0,0.0,0.0,0.0,0.0,1.0
26,1.0,1.0,0.0,0.0,0.0,0.0,0.0,1.0
27,1.0,1.0,0.0,0.0,0.0,0.0,0.0,1.0
28,1.0,4.0,0.0,0.0,0.0,0.0,0.0,1.0
29,1.0,4.0,0.0,0.0,0.0,0.0,0.0,1.0
30,1.0,3.0,0.0,0.0,0.0,0.0,0.0,1.0
31,1.0,6.0,0.0,0.0,0.0,0.0,0.0,1.0
32,1.0,4.0,0.0,0.0,0.0,0.0,0.0,1.0
33,1.0,2.0,0.0,0.0,0.0,0.0,0.0,1.0
34,1.0,2.0,0.0,0.0,1.0,0.0,0.0,1.0
35,1.0,5.0,0.0,0.0,1.0,0.0,0.0,1.0
36,2.0,5.0,1.0,0.0,0.0,169.0,0.0,1.0
37,2.0,3.0,2.0,0.0,1.0,145.0,0.0,1.0
38,2.0,3.0,2.0,0.0,0.0,125.0,0.0,1.0
39,2.0,7.0,1.0,0.0,1.0,0.0,0.0,1.0
40,2.0,10.0,1.0,0.0,0.0,4.0,0.0,1.0
41,3.0,7.0,2.0,1.0,1.0,144.0,160.0,1.0
42,2.0,8.0,2.0,0.0,0.0,144.0,0.0,1.0
43,2.0,9.0,2.0,0.0,0.0,0.0,0.0,1.0
44,3.0,4.0,2.0,1.0,0.0,122.0,0.0,1.0
45,3.0,6.0,3.0,1.0,1.0,0.0,4.0,1.0
46,2.0,7.0,2.0,0.0,0.0,122.0,0.0,1.0
47,2.0,5.0,2.0,0.0,0.0,145.0,0.0,3.0
48,2.0,7.0,4.0,0.0,0.0,1.0,0.0,3.0
49,2.0,5.0,4.0,0.0,0.0,1.0,0.0,3.0
50,2.0,6.0,4.0,0.0,0.0,0.0,0.0,3.0
51,2.0,4.0,3.0,0.0,0.0,0.0,0.0,3.0
52,3.0,3.0,2.0,1.0,0.0,0.0,0.0,3.0
53,2.0,3.0,3.0,0.0,122.0,1.0,0.0,3.0
54,1.0,11.0,0.0,0.0,1.0,0.0,0.0,3.0
55,3.0,7.0,2.0,1.0,0.0,0.0,0.0,3.0
56,1.0,12.0,0.0,0.0,0.0,0.0,0.0,3.0
57,3.0,7.0,3.0,1.0,0.0,0.0,0.0,3.0
58,3.0,7.0,3.0,1.0,0.0,121.0,9.0,3.0
59,3.0,7.0,2.0,1.0,0.0,1.0,4.0,3.0
60,2.0,9.0,2.0,0.0,0.0,144.0,0.0,3.0
61,3.0,3.0,2.0,1.0,0.0,122.0,4.0,3.0
62,2.0,2.0,2.0,0.0,0.0,0.0,0.0,3.0
63,2.0,6.0,1.0,0.0,1.0,1.0,0.0,3.0
64,2.0,4.0,2.0,0.0,0.0,122.0,0.0,3.0
65,1.0,7.0,0.0,0.0,0.0,0.0,0.0,3.0
66,1.0,3.0,0.0,0.0,0.0,0.0,0.0,3.0
67,1.0,4.0,0.0,0.0,0.0,0.0,0.0,3.0
68,1.0,9.0,0.0,0.0,0.0,0.0,0.0,3.0
69,1.0,11.0,0.0,0.0,0.0,0.0,0.0,3.0
70,1.0,9.0,0.0,0.0,0.0,0.0,0.0,3.0
71,1.0,9.0,0.0,0.0,1.0,0.0,0.0,3.0
72,1.0,10.0,0.0,0.0,0.0,0.0,0.0,3.0
73,1.0,10.0,0.0,0.0,0.0,0.0,0.0,3.0
74,1.0,10.0,0.0,0.0,0.0,0.0,0.0,3.0
75,1.0,10.0,0.0,0.0,0.0,0.0,0.0,3.0
76,1.0,11.0,0.0,0.0,0.0,0.0,0.0,3.0
77,1.0,6.0,0.0,0.0,0.0,0.0,0.0,3.0
78,2.0,3.0,3.0,0.0,226.0,0.0,0.0,3.0
79,2.0,3.0,3.0,0.0,226.0,0.0,0.0,3.0
80,2.0,3.0,3.0,0.0,256.0,1.0,0.0,3.0
81,3.0,3.0,3.0,1.0,257.0,0.0,272.0,3.0
82,2.0,3.0,2.0,0.0,1.0,256.0,0.0,3.0
83,2.0,5.0,3.0,0.0,0.0,0.0,0.0,3.0
84,2.0,3.0,3.0,0.0,0.0,0.0,0.0,3.0
85,2.0,4.0,3.0,0.0,0.0,0.0,0.0,3.0
86,2.0,4.0,3.0,0.0,0.0,0.0,0.0,3.0
87,1.0,3.0,0.0,0.0,0.0,0.0,0.0,3.0
88,1.0,2.0,0.0,0.0,0.0,0.0,0.0,3.0
89,1.0,1.0,0.0,0.0,0.0,0.0,0.0,3.0
90,1.0,2.0,0.0,0.0,1.0,0.0,0.0,3.0
91,1.0,1.0,0.0,0.0,1.0,0.0,0.0,3.0
92,0.0,0.0,0.0,0.0,0.0,0.0,0.0,3.0
93,2.0,3.0,2.0,0.0,1.0,122.0,0.0,3.0
94,2.0,6.0,2.0,0.0,0.0,0.0,0.0,2.0
95,2.0,6.0,1.0,0.0,0.0,122.0,0.0,2.0
96,2.0,6.0,1.0,0.0,0.0,122.0,0.0,2.0
97,2.0,6.0,2.0,0.0,0.0,0.0,0.0,2.0
98,2.0,6.0,1.0,0.0,0.0,4.0,0.0,2.0
99,2.0,5.0,2.0,0.0,1.0,122.0,0.0,2.0
100,2.0,2.0,1.0,0.0,0.0,0.0,0.0,2.0
101,2.0,3.0,1.0,0.0,0.0,0.0,0.0,2.0
102,2.0,3.0,1.0,0.0,0.0,122.0,0.0,2.0
103,2.0,3.0,1.0,0.0,0.0,125.0,0.0,2.0
104,2.0,4.0,1.0,0.0,0.0,101.0,0.0,2.0
105,2.0,7.0,1.0,0.0,0.0,101.0,0.0,2.0
106,2.0,7.0,1.0,0.0,0.0,0.0,0.0,2.0
107,2.0,7.0,2.0,0.0,0.0,0.0,0.0,2.0
108,2.0,8.0,1.0,0.0,0.0,0.0,0.0,2.0
109,2.0,5.0,2.0,0.0,0.0,122.0,0.0,2.0
110,2.0,5.0,2.0,0.0,1.0,1.0,0.0,2.0
111,2.0,8.0,1.0,0.0,0.0,0.0,0.0,2.0
112,2.0,7.0,1.0,0.0,0.0,122.0,0.0,2.0
113,2.0,4.0,1.0,0.0,0.0,0.0,0.0,2.0
114,2.0,6.0,1.0,0.0,0.0,101.0,0.0,2.0
115,2.0,6.0,1.0,0.0,0.0,0.0,0.0,2.0
116,2.0,6.0,1.0,0.0,0.0,0.0,0.0,2.0
117,2.0,5.0,1.0,0.0,0.0,0.0,0.0,2.0
118,2.0,5.0,2.0,0.0,0.0,101.0,0.0,2.0
119,2.0,6.0,1.0,0.0,0.0,101.0,0.0,2.0
120,2.0,7.0,1.0,0.0,0.0,0.0,0.0,2.0
121,2.0,6.0,1.0,0.0,0.0,101.0,0.0,2.0
122,2.0,7.0,1.0,0.0,0.0,0.0,0.0,2.0
123,2.0,6.0,1.0,0.0,0.0,0.0,0.0,2.0
124,2.0,7.0,1.0,0.0,0.0,0.0,0.0,2.0
125,2.0,7.0,1.0,0.0,0.0,0.0,0.0,2.0
126,2.0,7.0,1.0,0.0,0.0,0.0,0.0,2.0
127,2.0,6.0,1.0,0.0,0.0,101.0,0.0,2.0
128,2.0,3.0,1.0,0.0,0.0,122.0,0.0,2.0
129,2.0,5.0,1.0,0.0,0.0,0.0,0.0,2.0
130,2.0,4.0,1.0,0.0,0.0,0.0,0.0,2.0
131,2.0,4.0,1.0,0.0,0.0,0.0,0.0,2.0
132,2.0,4.0,1.0,0.0,0.0,0.0,0.0,2.0
133,2.0,4.0,1.0,0.0,0.0,1.0,0.0,2.0
134,2.0,5.0,1.0,0.0,0.0,101.0,0.0,2.0
135,2.0,4.0,1.0,0.0,0.0,122.0,0.0,2.0
136,2.0,4.0,1.0,0.0,0.0,101.0,0.0,2.0
137,2.0,5.0,2.0,0.0,0.0,122.0,0.0,2.0
138,2.0,7.0,2.0,0.0,0.0,1.0,0.0,2.0
139,2.0,3.0,2.0,0.0,0.0,125.0,0.0,2.0
140,2.0,6.0,2.0,0.0,0.0,0.0,0.0,2.0
141,2.0,6.0,2.0,0.0,0.0,101.0,0.0,2.0
142,2.0,5.0,2.0,0.0,1.0,0.0,0.0,2.0
143,2.0,6.0,1.0,0.0,0.0,0.0,0.0,2.0
144,3.0,4.0,1.0,1.0,0.0,0.0,0.0,2.0
145,2.0,5.0,1.0,0.0,0.0,0.0,0.0,2.0
146,3.0,2.0,1.0,1.0,1.0,121.0,1.0,2.0
147,2.0,6.0,1.0,0.0,0.0,121.0,0.0,2.0
148,2.0,3.0,1.0,0.0,1.0,121.0,0.0,2.0
149,2.0,5.0,2.0,0.0,1.0,1.0,0.0,2.0
150,2.0,7.0,1.0,0.0,0.0,101.0,0.0,2.0
151,2.0,8.0,1.0,0.0,0.0,100.0,0.0,2.0
152,2.0,8.0,2.0,0.0,0.0,100.0,0.0,2.0
153,2.0,7.0,1.0,0.0,0.0,100.0,0.0,2.0
154,2.0,5.0,1.0,0.0,0.0,0.0,0.0,2.0
155,2.0,10.0,2.0,0.0,0.0,0.0,0.0,2.0
156,2.0,7.0,2.0,0.0,0.0,0.0,0.0,2.0
157,2.0,7.0,2.0,0.0,0.0,0.0,0.0,2.0
158,2.0,7.0,1.0,0.0,0.0,121.0,0.0,2.0
159,2.0,9.0,2.0,0.0,0.0,0.0,0.0,2.0
160,2.0,7.0,1.0,0.0,0.0,100.0,0.0,2.0
161,2.0,7.0,2.0,0.0,0.0,121.0,0.0,2.0
162,2.0,6.0,2.0,0.0,0.0,100.0,0.0,2.0
163,2.0,7.0,2.0,0.0,0.0,100.0,0.0,2.0
164,2.0,6.0,1.0,0.0,0.0,1.0,0.0,2.0
165,2.0,6.0,1.0,0.0,0.0,1.0,0.0,2.0
166,2.0,6.0,2.0,0.0,0.0,100.0,0.0,2.0
167,2.0,9.0,2.0,0.0,0.0,0.0,0.0,2.0
168,2.0,6.0,1.0,0.0,1.0,0.0,0.0,2.0
169,2.0,7.0,2.0,0.0,0.0,0.0,0.0,2.0
170,2.0,5.0,1.0,0.0,0.0,0.0,0.0,2.0
171,1.0,6.0,0.0,0.0,0.0,0.0,0.0,2.0
172,2.0,5.0,2.0,0.0,0.0,1.0,0.0,2.0
173,2.0,7.0,3.0,0.0,0.0,0.0,0.0,2.0
174,2.0,5.0,2.0,0.0,0.0,121.0,0.0,2.0
175,2.0,6.0,2.0,0.0,0.0,0.0,0.0,2.0
176,2.0,7.0,2.0,0.0,0.0,100.0,0.0,2.0
177,2.0,7.0,2.0,0.0,0.0,0.0,0.0,2.0
178,2.0,6.0,2.0,0.0,0.0,100.0,0.0,2.0
179,2.0,7.0,2.0,0.0,1.0,100.0,0.0,2.0
180,2.0,7.0,1.0,0.0,0.0,101.0,0.0,2.0
181,2.0,8.0,2.0,0.0,0.0,0.0,0.0,2.0
182,2.0,7.0,1.0,0.0,0.0,0.0,0.0,2.0
183,2.0,6.0,1.0,0.0,0.0,0.0,0.0,2.0
184,2.0,5.0,1.0,0.0,0.0,121.0,0.0,2.0
185,2.0,5.0,3.0,0.0,0.0,100.0,0.0,2.0
186,2.0,6.0,2.0,0.0,0.0,100.0,0.0,2.0
187,2.0,8.0,1.0,0.0,1.0,100.0,0.0,2.0
188,2.0,8.0,1.0,0.0,0.0,100.0,0.0,2.0
189,2.0,5.0,1.0,0.0,0.0,100.0,0.0,2.0
190,2.0,6.0,1.0,0.0,0.0,0.0,0.0,2.0
191,2.0,8.0,2.0,0.0,0.0,101.0,0.0,2.0
192,2.0,3.0,1.0,0.0,1.0,1.0,0.0,2.0
193,2.0,6.0,1.0,0.0,0.0,0.0,0.0,2.0
194,2.0,8.0,1.0,0.0,0.0,0.0,0.0,2.0
195,2.0,8.0,2.0,0.0,0.0,100.0,0.0,2.0
196,2.0,4.0,1.0,0.0,0.0,0.0,0.0,2.0
197,2.0,3.0,1.0,0.0,1.0,121.0,0.0,2.0
198,2.0,3.0,2.0,0.0,1.0,100.0,0.0,2.0
199,2.0,3.0,1.0,0.0,1.0,0.0,0.0,2.0
200,2.0,3.0,2.0,0.0,1.0,100.0,0.0,2.0
201,2.0,4.0,1.0,0.0,0.0,0.0,0.0,2.0
202,2.0,3.0,1.0,0.0,1.0,0.0,0.0,2.0
203,2.0,3.0,1.0,0.0,1.0,121.0,0.0,2.0
204,2.0,4.0,1.0,0.0,0.0,121.0,0.0,2.0
205,2.0,4.0,2.0,0.0,1.0,101.0,0.0,2.0
206,2.0,3.0,1.0,0.0,1.0,121.0,0.0,2.0
207,2.0,3.0,2.0,0.0,0.0,0.0,0.0,2.0
208,3.0,3.0,1.0,1.0,0.0,101.0,1.0,2.0
209,2.0,4.0,2.0,0.0,0.0,1.0,0.0,2.0
210,2.0,7.0,2.0,0.0,0.0,125.0,0.0,2.0
211,2.0,6.0,3.0,0.0,1.0,0.0,0.0,2.0
212,2.0,7.0,3.0,0.0,0.0,0.0,0.0,2.0
213,2.0,6.0,3.0,0.0,0.0,0.0,0.0,2.0
214,2.0,7.0,3.0,0.0,0.0,0.0,0.0,2.0
215,2.0,5.0,2.0,0.0,0.0,0.0,0.0,2.0
216,2.0,7.0,2.0,0.0,0.0,0.0,0.0,2.0
217,2.0,6.0,2.0,0.0,1.0,101.0,0.0,2.0
218,2.0,6.0,3.0,0.0,0.0,0.0,0.0,2.0
219,2.0,7.0,2.0,0.0,0.0,0.0,0.0,2.0
220,2.0,6.0,4.0,0.0,1.0,0.0,0.0,2.0
221,2.0,7.0,3.0,0.0,0.0,0.0,0.0,2.0
222,2.0,6.0,2.0,0.0,1.0,1.0,0.0,2.0
223,2.0,6.0,3.0,0.0,0.0,0.0,0.0,2.0
224,2.0,6.0,2.0,0.0,1.0,121.0,0.0,2.0
225,2.0,8.0,3.0,0.0,0.0,125.0,0.0,2.0
226,2.0,7.0,2.0,0.0,0.0,122.0,0.0,2.0
227,2.0,7.0,2.0,0.0,0.0,0.0,0.0,2.0
228,2.0,7.0,2.0,0.0,0.0,0.0,0.0,2.0
229,2.0,6.0,2.0,0.0,1.0,0.0,0.0,2.0
230,2.0,7.0,3.0,0.0,0.0,0.0,0.0,2.0
231,2.0,7.0,3.0,0.0,0.0,0.0,0.0,2.0
232,2.0,7.0,2.0,0.0,0.0,121.0,0.0,2.0
233,2.0,5.0,3.0,0.0,1.0,101.0,0.0,2.0
234,2.0,7.0,3.0,0.0,0.0,0.0,0.0,2.0
235,2.0,6.0,3.0,0.0,1.0,101.0,0.0,2.0
236,2.0,6.0,2.0,0.0,0.0,0.0,0.0,2.0
237,2.0,7.0,3.0,0.0,0.0,0.0,0.0,2.0
238,2.0,6.0,2.0,0.0,0.0,122.0,0.0,2.0
239,2.0,5.0,2.0,0.0,0.0,125.0,0.0,2.0
240,2.0,5.0,3.0,0.0,0.0,0.0,0.0,2.0
241,2.0,6.0,3.0,0.0,0.0,125.0,0.0,2.0
242,2.0,7.0,3.0,0.0,0.0,0.0,0.0,2.0
243,2.0,7.0,3.0,0.0,0.0,0.0,0.0,2.0
244,2.0,6.0,2.0,0.0,1.0,0.0,0.0,2.0
245,2.0,6.0,2.0,0.0,1.0,121.0,0.0,2.0
246,2.0,4.0,2.0,0.0,0.0,0.0,0.0,2.0
247,2.0,4.0,3.0,0.0,0.0,0.0,0.0,2.0
248,2.0,7.0,2.0,0.0,0.0,0.0,0.0,2.0
249,2.0,7.0,2.0,0.0,0.0,122.0,0.0,2.0
250,2.0,3.0,3.0,0.0,0.0,0.0,0.0,2.0
251,2.0,3.0,3.0,0.0,0.0,0.0,0.0,2.0
252,2.0,6.0,3.0,0.0,0.0,0.0,0.0,2.0
253,2.0,4.0,2.0,0.0,1.0,1.0,0.0,2.0
254,2.0,5.0,2.0,0.0,0.0,100.0,0.0,2.0
255,2.0,6.0,1.0,0.0,0.0,0.0,0.0,2.0
256,2.0,7.0,1.0,0.0,1.0,0.0,0.0,2.0
257,3.0,4.0,3.0,3.0,0.0,121.0,1.0,2.0
258,4.0,2.0,2.0,1.0,122.0,122.0,0.0,2.0
259,2.0,4.0,3.0,0.0,0.0,0.0,0.0,2.0
260,2.0,6.0,4.0,0.0,290.0,0.0,0.0,2.0
261,2.0,4.0,1.0,0.0,0.0,0.0,0.0,2.0
262,1.0,2.0,0.0,0.0,1.0,0.0,0.0,2.0
263,1.0,3.0,0.0,0.0,0.0,0.0,0.0,2.0
264,1.0,3.0,0.0,0.0,0.0,0.0,0.0,2.0
265,1.0,4.0,0.0,0.0,0.0,0.0,0.0,2.0
266,2.0,3.0,1.0,0.0,0.0,0.0,0.0,2.0
267,3.0,4.0,2.0,1.0,0.0,0.0,0.0,2.0
268,2.0,4.0,2.0,0.0,0.0,229.0,0.0,2.0
269,2.0,4.0,2.0,0.0,0.0,260.0,0.0,2.0
270,2.0,4.0,3.0,0.0,0.0,260.0,0.0,2.0
271,2.0,3.0,3.0,0.0,260.0,0.0,0.0,2.0
272,1.0,9.0,0.0,0.0,0.0,0.0,0.0,2.0
273,3.0,3.0,3.0,1.0,169.0,178.0,1.0,2.0
274,1.0,3.0,0.0,0.0,0.0,0.0,0.0,2.0
275,1.0,3.0,0.0,0.0,0.0,0.0,0.0,2.0
276,1.0,2.0,0.0,0.0,0.0,0.0,0.0,2.0
277,1.0,2.0,0.0,0.0,0.0,0.0,0.0,2.0
278,1.0,3.0,0.0,0.0,0.0,0.0,0.0,2.0
279,1.0,2.0,0.0,0.0,0.0,0.0,0.0,2.0
280,1.0,2.0,0.0,0.0,0.0,0.0,0.0,2.0
281,2.0,2.0,1.0,0.0,197.0,4.0,0.0,2.0
282,1.0,2.0,0.0,0.0,0.0,0.0,0.0,2.0
283,2.0,3.0,1.0,0.0,0.0,0.0,0.0,2.0
284,1.0,3.0,0.0,0.0,0.0,0.0,0.0,2.0
285,1.0,2.0,0.0,0.0,1.0,0.0,0.0,2.0
286,1.0,3.0,0.0,0.0,0.0,0.0,0.0,2.0
287,2.0,3.0,1.0,0.0,144.0,9.0,0.0,2.0
288,2.0,4.0,3.0,0.0,0.0,122.0,0.0,2.0
289,2.0,4.0,2.0,0.0,0.0,0.0,0.0,2.0
290,2.0,3.0,2.0,0.0,1.0,0.0,0.0,2.0
291,2.0,4.0,1.0,0.0,0.0,0.0,0.0,2.0
292,2.0,4.0,3.0,0.0,0.0,145.0,0.0,2.0
293,2.0,4.0,1.0,0.0,0.0,0.0,0.0,2.0
294,1.0,4.0,0.0,0.0,0.0,0.0,0.0,2.0
295,1.0,4.0,0.0,0.0,0.0,0.0,0.0,2.0
296,1.0,4.0,0.0,0.0,0.0,0.0,0.0,2.0
297,1.0,3.0,0.0,0.0,0.0,0.0,0.0,2.0
298,1.0,3.0,0.0,0.0,0.0,0.0,0.0,2.0
299,1.0,3.0,0.0,0.0,0.0,0.0,0.0,2.0
300,1.0,3.0,0.0,0.0,1.0,0.0,0.0,2.0
301,1.0,3.0,0.0,0.0,1.0,0.0,0.0,2.0
302,1.0,3.0,0.0,0.0,1.0,0.0,0.0,2.0
303,1.0,4.0,0.0,0.0,0.0,0.0,0.0,2.0
304,1.0,3.0,0.0,0.0,1.0,0.0,0.0,2.0
305,1.0,3.0,0.0,0.0,0.0,0.0,0.0,2.0
306,0.0,0.0,0.0,0.0,0.0,0.0,0.0,2.0
307,0.0,0.0,0.0,0.0,0.0,0.0,0.0,2.0
308,0.0,0.0,0.0,0.0,0.0,0.0,0.0,2.0
309,0.0,0.0,0.0,0.0,0.0,0.0,0.0,2.0
310,0.0,0.0,0.0,0.0,0.0,0.0,0.0,2.0
311,0.0,0.0,0.0,0.0,0.0,0.0,0.0,2.0
312,0.0,0.0,0.0,0.0,0.0,0.0,0.0,2.0
313,0.0,0.0,0.0,0.0,0.0,0.0,0.0,2.0
314,0.0,0.0,0.0,0.0,0.0,0.0,0.0,2.0
315,0.0,0.0,0.0,0.0,0.0,0.0,0.0,2.0
316,0.0,0.0,0.0,0.0,0.0,0.0,0.0,2.0
317,0.0,0.0,0.0,0.0,0.0,0.0,0.0,2.0
318,0.0,0.0,0.0,0.0,0.0,0.0,0.0,2.0
319,0.0,0.0,0.0,0.0,0.0,0.0,0.0,2.0
320,1.0,1.0,0.0,0.0,1.0,0.0,0.0,2.0
321,2.0,2.0,1.0,0.0,40.0,0.0,0.0,2.0
322,1.0,3.0,0.0,0.0,0.0,0.0,0.0,2.0
323,1.0,4.0,0.0,0.0,0.0,0.0,0.0,2.0
324,1.0,5.0,0.0,0.0,0.0,0.0,0.0,2.0
325,1.0,4.0,0.0,0.0,0.0,0.0,0.0,2.0
326,1.0,3.0,0.0,0.0,0.0,0.0,0.0,2.0
327,1.0,4.0,0.0,0.0,0.0,0.0,0.0,2.0
328,1.0,5.0,0.0,0.0,0.0,0.0,0.0,2.0
329,1.0,2.0,0.0,0.0,0.0,0.0,0.0,2.0
330,1.0,5.0,0.0,0.0,0.0,0.0,0.0,1.0
331,1.0,3.0,0.0,0.0,4.0,0.0,0.0,1.0
332,1.0,25.0,0.0,0.0,1.0,0.0,0.0,1.0
333,1.0,32.0,0.0,0.0,0.0,0.0,0.0,1.0
334,1.0,27.0,0.0,0.0,0.0,0.0,0.0,1.0
335,1.0,27.0,0.0,0.0,0.0,0.0,0.0,1.0
336,1.0,28.0,0.0,0.0,0.0,0.0,0.0,1.0
337,1.0,27.0,0.0,0.0,0.0,0.0,0.0,1.0
338,1.0,27.0,0.0,0.0,0.0,0.0,0.0,1.0
339,1.0,26.0,0.0,0.0,0.0,0.0,0.0,1.0
340,1.0,28.0,0.0,0.0,0.0,0.0,0.0,1.0
341,1.0,24.0,0.0,0.0,0.0,0.0,0.0,1.0
342,1.0,26.0,0.0,0.0,0.0,0.0,0.0,1.0
343,1.0,23.0,0.0,0.0,1.0,0.0,0.0,1.0
344,1.0,23.0,0.0,0.0,1.0,0.0,0.0,1.0
345,1.0,20.0,0.0,0.0,0.0,0.0,0.0,1.0
346,1.0,14.0,0.0,0.0,0.0,0.0,0.0,1.0
347,1.0,3.0,0.0,0.0,4.0,0.0,0.0,1.0
348,2.0,3.0,1.0,0.0,0.0,0.0,0.0,1.0
349,2.0,3.0,1.0,0.0,65.0,4.0,0.0,1.0
350,1.0,5.0,0.0,0.0,0.0,0.0,0.0,1.0
351,1.0,4.0,0.0,0.0,0.0,0.0,0.0,1.0
352,1.0,5.0,0.0,0.0,1.0,0.0,0.0,1.0
353,1.0,4.0,0.0,0.0,0.0,0.0,0.0,1.0
354,0.0,0.0,0.0,0.0,0.0,0.0,0.0,1.0
355,0.0,0.0,0.0,0.0,0.0,0.0,0.0,1.0
356,0.0,0.0,0.0,0.0,0.0,0.0,0.0,1.0
357,0.0,0.0,0.0,0.0,0.0,0.0,0.0,1.0
358,0.0,0.0,0.0,0.0,0.0,0.0,0.0,1.0
359,1.0,4.0,0.0,0.0,0.0,0.0,0.0,1.0
360,1.0,1.0,0.0,0.0,0.0,0.0,0.0,1.0
361,1.0,2.0,0.0,0.0,0.0,0.0,0.0,1.0
362,1.0,3.0,0.0,0.0,0.0,0.0,0.0,1.0
363,1.0,1.0,0.0,0.0,1.0,0.0,0.0,1.0
364,1.0,2.0,0.0,0.0,0.0,0.0,0.0,1.0
365,1.0,2.0,0.0,0.0,0.0,0.0,0.0,1.0
366,1.0,2.0,0.0,0.0,0.0,0.0,0.0,1.0
367,1.0,2.0,0.0,0.0,0.0,0.0,0.0,1.0
368,1.0,1.0,0.0,0.0,0.0,0.0,0.0,1.0
369,1.0,2.0,0.0,0.0,0.0,0.0,0.0,1.0
370,1.0,5.0,0.0,0.0,0.0,0.0,0.0,1.0
371,1.0,5.0,0.0,0.0,0.0,0.0,0.0,1.0
372,1.0,5.0,0.0,0.0,0.0,0.0,0.0,1.0
373,1.0,2.0,0.0,0.0,0.0,0.0,0.0,1.0
374,1.0,5.0,0.0,0.0,1.0,0.0,0.0,1.0
375,1.0,3.0,0.0,0.0,0.0,0.0,0.0,1.0
376,1.0,3.0,0.0,0.0,1.0,0.0,0.0,1.0
377,1.0,4.0,0.0,0.0,0.0,0.0,0.0,1.0
378,1.0,6.0,0.0,0.0,0.0,0.0,0.0,1.0
379,1.0,4.0,0.0,0.0,1.0,0.0,0.0,1.0
380,1.0,3.0,0.0,0.0,0.0,0.0,0.0,1.0
381,1.0,3.0,0.0,0.0,0.0,0.0,0.0,1.0
382,1.0,6.0,0.0,0.0,1.0,0.0,0.0,1.0
383,1.0,7.0,0.0,0.0,0.0,0.0,0.0,1.0
384,1.0,6.0,0.0,0.0,0.0,0.0,0.0,1.0
385,1.0,7.0,0.0,0.0,0.0,0.0,0.0,1.0
386,1.0,6.0,0.0,0.0,0.0,0.0,0.0,1.0
387,1.0,5.0,0.0,0.0,0.0,0.0,0.0,1.0
388,1.0,1.0,0.0,0.0,0.0,0.0,0.0,1.0
389,0.0,0.0,0.0,0.0,0.0,0.0,0.0,1.0
390,0.0,0.0,0.0,0.0,0.0,0.0,0.0,1.0
391,0.0,0.0,0.0,0.0,0.0,0.0,0.0,1.0
392,0.0,0.0,0.0,0.0,0.0,0.0,0.0,1.0
393,1.0,1.0,0.0,0.0,0.0,0.0,0.0,1.0
394,1.0,1.0,0.0,0.0,0.0,0.0,0.0,1.0
395,0.0,0.0,0.0,0.0,0.0,0.0,0.0,1.0
396,0.0,0.0,0.0,0.0,0.0,0.0,0.0,1.0
397,0.0,0.0,0.0,0.0,0.0,0.0,0.0,1.0
398,0.0,0.0,0.0,0.0,0.0,0.0,0.0,1.0
399,1.0,3.0,0.0,0.0,0.0,0.0,0.0,1.0
400,1.0,6.0,0.0,0.0,0.0,0.0,0.0,1.0
401,2.0,2.0,2.0,0.0,40.0,0.0,0.0,1.0
402,1.0,1.0,0.0,0.0,0.0,0.0,0.0,1.0
403,0.0,0.0,0.0,0.0,0.0,0.0,0.0,1.0
404,0.0,0.0,0.0,0.0,0.0,0.0,0.0,1.0
405,0.0,0.0,0.0,0.0,0.0,0.0,0.0,1.0
406,0.0,0.0,0.0,0.0,0.0,0.0,0.0,1.0
407,0.0,0.0,0.0,0.0,0.0,0.0,0.0,1.0
408,1.0,2.0,0.0,0.0,0.0,0.0,0.0,1.0
409,1.0,4.0,0.0,0.0,0.0,0.0,0.0,1.0
410,1.0,4.0,0.0,0.0,1.0,0.0,0.0,1.0
411,1.0,5.0,0.0,0.0,0.0,0.0,0.0,1.0
412,0.0,0.0,0.0,0.0,0.0,0.0,0.0,1.0
413,1.0,4.0,0.0,0.0,0.0,0.0,0.0,1.0
414,1.0,4.0,0.0,0.0,0.0,0.0,0.0,1.0
415,0.0,0.0,0.0,0.0,0.0,0.0,0.0,1.0
416,0.0,0.0,0.0,0.0,0.0,0.0,0.0,1.0
417,0.0,0.0,0.0,0.0,0.0,0.0,0.0,1.0
418,0.0,0.0,0.0,0.0,0.0,0.0,0.0,1.0
419,0.0,0.0,0.0,0.0,0.0,0.0,0.0,1.0
420,0.0,0.0,0.0,0.0,0.0,0.0,0.0,1.0
421,0.0,0.0,0.0,0.0,0.0,0.0,0.0,1.0
422,0.0,0.0,0.0,0.0,0.0,0.0,0.0,1.0
423,0.0,0.0,0.0,0.0,0.0,0.0,0.0,1.0
424,0.0,0.0,0.0,0.0,0.0,0.0,0.0,1.0
425,0.0,0.0,0.0,0.0,0.0,0.0,0.0,1.0
426,0.0,0.0,0.0,0.0,0.0,0.0,0.0,1.0
427,0.0,0.0,0.0,0.0,0.0,0.0,0.0,1.0
428,0.0,0.0,0.0,0.0,0.0,0.0,0.0,1.0
429,0.0,0.0,0.0,0.0,0.0,0.0,0.0,1.0
430,0.0,0.0,0.0,0.0,0.0,0.0,0.0,1.0
431,0.0,0.0,0.0,0.0,0.0,0.0,0.0,1.0
432,0.0,0.0,0.0,0.0,0.0,0.0,0.0,1.0
433,0.0,0.0,0.0,0.0,0.0,0.0,0.0,1.0
434,0.0,0.0,0.0,0.0,0.0,0.0,0.0,1.0
435,0.0,0.0,0.0,0.0,0.0,0.0,0.0,1.0
436,0.0,0.0,0.0,0.0,0.0,0.0,0.0,1.0
437,0.0,0.0,0.0,0.0,0.0,0.0,0.0,1.0
438,0.0,0.0,0.0,0.0,0.0,0.0,0.0,1.0
439,0.0,0.0,0.0,0.0,0.0,0.0,0.0,1.0
440,0.0,0.0,0.0,0.0,0.0,0.0,0.0,1.0
441,0.0,0.0,0.0,0.0,0.0,0.0,0.0,1.0
442,0.0,0.0,0.0,0.0,0.0,0.0,0.0,1.0
443,0.0,0.0,0.0,0.0,0.0,0.0,0.0,1.0
444,0.0,0.0,0.0,0.0,0.0,0.0,0.0,1.0
445,0.0,0.0,0.0,0.0,0.0,0.0,0.0,1.0
446,0.0,0.0,0.0,0.0,0.0,0.0,0.0,1.0
447,1.0,1.0,0.0,0.0,1.0,0.0,0.0,1.0
448,1.0,4.0,0.0,0.0,0.0,0.0,0.0,2.0
449,2.0,4.0,1.0,0.0,1.0,0.0,0.0,2.0
450,2.0,3.0,1.0,0.0,0.0,0.0,0.0,2.0
451,2.0,3.0,1.0,0.0,0.0,85.0,0.0,2.0
452,1.0,5.0,0.0,0.0,1.0,0.0,0.0,2.0
453,1.0,8.0,0.0,0.0,0.0,0.0,0.0,2.0
454,1.0,3.0,0.0,0.0,1.0,0.0,0.0,2.0
455,2.0,1.0,1.0,0.0,197.0,0.0,0.0,2.0
456,1.0,1.0,0.0,0.0,1.0,0.0,0.0,2.0
457,1.0,1.0,0.0,0.0,0.0,0.0,0.0,2.0
458,1.0,1.0,0.0,0.0,0.0,0.0,0.0,2.0
459,1.0,1.0,0.0,0.0,1.0,0.0,0.0,2.0
460,3.0,3.0,2.0,1.0,0.0,0.0,0.0,2.0
461,2.0,3.0,1.0,0.0,1.0,1.0,0.0,2.0
462,3.0,4.0,2.0,2.0,125.0,122.0,1.0,2.0
463,3.0,5.0,2.0,1.0,0.0,0.0,0.0,2.0
464,3.0,3.0,2.0,1.0,148.0,1.0,144.0,2.0
465,2.0,2.0,2.0,0.0,130.0,1.0,0.0,2.0
466,2.0,3.0,2.0,0.0,0.0,0.0,0.0,2.0
467,3.0,3.0,2.0,2.0,0.0,0.0,0.0,2.0
468,3.0,2.0,2.0,1.0,125.0,1.0,121.0,2.0
469,2.0,2.0,2.0,0.0,125.0,1.0,0.0,2.0
470,3.0,3.0,2.0,1.0,0.0,0.0,0.0,2.0
471,2.0,3.0,2.0,0.0,0.0,0.0,0.0,2.0
472,3.0,2.0,2.0,1.0,0.0,0.0,0.0,3.0
473,2.0,3.0,2.0,0.0,0.0,0.0,0.0,3.0
474,2.0,6.0,1.0,0.0,0.0,0.0,0.0,3.0
475,3.0,4.0,2.0,1.0,0.0,0.0,0.0,3.0
476,3.0,3.0,2.0,1.0,130.0,125.0,1.0,3.0
477,1.0,8.0,0.0,0.0,0.0,0.0,0.0,3.0
478,3.0,4.0,3.0,2.0,130.0,125.0,1.0,3.0
479,2.0,3.0,2.0,0.0,173.0,1.0,0.0,3.0
480,3.0,2.0,2.0,1.0,0.0,0.0,0.0,3.0
481,3.0,3.0,2.0,2.0,130.0,125.0,0.0,3.0
482,2.0,9.0,1.0,0.0,1.0,101.0,0.0,3.0
483,2.0,9.0,1.0,0.0,0.0,1.0,0.0,3.0
484,3.0,8.0,1.0,1.0,1.0,40.0,0.0,3.0
485,3.0,7.0,1.0,1.0,0.0,37.0,0.0,3.0
486,1.0,8.0,0.0,0.0,0.0,0.0,0.0,3.0
487,1.0,6.0,0.0,0.0,0.0,0.0,0.0,3.0
488,2.0,7.0,1.0,0.0,0.0,0.0,0.0,3.0
489,2.0,5.0,2.0,0.0,0.0,25.0,0.0,3.0
490,2.0,5.0,2.0,0.0,0.0,0.0,0.0,3.0
491,3.0,3.0,2.0,1.0,1.0,144.0,148.0,3.0
492,3.0,3.0,2.0,1.0,0.0,0.0,0.0,3.0
493,2.0,3.0,1.0,0.0,0.0,178.0,0.0,3.0
494,2.0,3.0,1.0,0.0,1.0,1.0,0.0,3.0
495,2.0,3.0,1.0,0.0,0.0,170.0,0.0,3.0
496,2.0,3.0,1.0,0.0,1.0,1.0,0.0,3.0
497,2.0,3.0,1.0,0.0,0.0,145.0,0.0,3.0
498,3.0,4.0,1.0,1.0,0.0,0.0,0.0,3.0
499,3.0,3.0,1.0,1.0,0.0,145.0,153.0,3.0
500,2.0,4.0,1.0,0.0,0.0,144.0,0.0,3.0
501,1.0,7.0,0.0,0.0,0.0,0.0,0.0,3.0
502,3.0,4.0,2.0,1.0,0.0,0.0,0.0,3.0
503,1.0,1.0,0.0,0.0,1.0,0.0,0.0,3.0
504,3.0,3.0,2.0,2.0,0.0,0.0,0.0,3.0
505,3.0,3.0,2.0,2.0,0.0,0.0,0.0,3.0
506,3.0,3.0,2.0,2.0,130.0,125.0,0.0,3.0
507,2.0,7.0,1.0,0.0,1.0,122.0,0.0,3.0
508,3.0,8.0,2.0,1.0,1.0,53.0,49.0,3.0
509,2.0,8.0,1.0,0.0,1.0,0.0,0.0,3.0
510,2.0,2.0,1.0,0.0,0.0,0.0,0.0,3.0
511,1.0,4.0,0.0,0.0,0.0,0.0,0.0,3.0
512,2.0,4.0,1.0,0.0,0.0,1.0,0.0,3.0
513,3.0,3.0,2.0,1.0,0.0,4.0,64.0,3.0
514,2.0,3.0,2.0,0.0,1.0,1.0,0.0,3.0
515,2.0,6.0,1.0,0.0,0.0,0.0,0.0,3.0
516,1.0,6.0,0.0,0.0,0.0,0.0,0.0,3.0
517,1.0,6.0,0.0,0.0,0.0,0.0,0.0,3.0
518,1.0,5.0,0.0,0.0,1.0,0.0,0.0,3.0
519,2.0,6.0,1.0,0.0,0.0,0.0,0.0,3.0
520,2.0,6.0,1.0,0.0,0.0,0.0,0.0,3.0
521,2.0,6.0,1.0,0.0,1.0,145.0,0.0,3.0
522,2.0,6.0,1.0,0.0,0.0,144.0,0.0,3.0
523,2.0,8.0,1.0,0.0,0.0,145.0,0.0,3.0
524,2.0,8.0,1.0,0.0,0.0,0.0,0.0,3.0
525,2.0,8.0,1.0,0.0,0.0,0.0,0.0,3.0
526,1.0,8.0,0.0,0.0,1.0,0.0,0.0,3.0
527,1.0,7.0,0.0,0.0,0.0,0.0,0.0,3.0
528,1.0,7.0,0.0,0.0,0.0,0.0,0.0,3.0
529,1.0,5.0,0.0,0.0,1.0,0.0,0.0,3.0
530,2.0,7.0,1.0,0.0,0.0,0.0,0.0,3.0
531,1.0,6.0,0.0,0.0,0.0,0.0,0.0,3.0
532,2.0,6.0,1.0,0.0,0.0,144.0,0.0,3.0
533,1.0,7.0,0.0,0.0,1.0,0.0,0.0,3.0
534,2.0,6.0,1.0,0.0,0.0,0.0,0.0,3.0
535,1.0,6.0,0.0,0.0,0.0,0.0,0.0,3.0
536,1.0,5.0,0.0,0.0,1.0,0.0,0.0,3.0
537,2.0,8.0,2.0,0.0,0.0,0.0,0.0,3.0
538,1.0,8.0,0.0,0.0,0.0,0.0,0.0,3.0
539,2.0,6.0,1.0,0.0,0.0,0.0,0.0,3.0
540,2.0,4.0,1.0,0.0,1.0,144.0,0.0,3.0
541,2.0,6.0,1.0,0.0,0.0,0.0,0.0,3.0
542,2.0,6.0,1.0,0.0,0.0,144.0,0.0,3.0
543,3.0,2.0,2.0,1.0,0.0,0.0,145.0,3.0
544,2.0,6.0,1.0,0.0,0.0,0.0,0.0,3.0
545,2.0,6.0,1.0,0.0,0.0,0.0,0.0,3.0
546,2.0,3.0,1.0,0.0,1.0,144.0,0.0,3.0
547,2.0,6.0,1.0,0.0,0.0,0.0,0.0,3.0
548,2.0,6.0,1.0,0.0,0.0,0.0,0.0,3.0
549,2.0,3.0,1.0,0.0,0.0,0.0,0.0,3.0
550,2.0,2.0,1.0,0.0,0.0,145.0,0.0,3.0
551,2.0,6.0,1.0,0.0,0.0,121.0,0.0,3.0
552,2.0,11.0,1.0,0.0,1.0,101.0,0.0,3.0
553,1.0,7.0,0.0,0.0,0.0,0.0,0.0,3.0
554,1.0,26.0,0.0,0.0,1.0,0.0,0.0,3.0
555,2.0,20.0,1.0,0.0,0.0,9.0,0.0,3.0
556,3.0,22.0,2.0,1.0,0.0,1.0,153.0,3.0
557,2.0,22.0,2.0,0.0,0.0,0.0,0.0,3.0
558,3.0,23.0,2.0,1.0,0.0,4.0,130.0,3.0
559,1.0,26.0,0.0,0.0,0.0,0.0,0.0,3.0
560,1.0,28.0,0.0,0.0,0.0,0.0,0.0,3.0
561,2.0,23.0,1.0,0.0,0.0,36.0,0.0,3.0
562,1.0,21.0,0.0,0.0,0.0,0.0,0.0,3.0
563,1.0,22.0,0.0,0.0,1.0,0.0,0.0,3.0
564,2.0,16.0,3.0,0.0,0.0,9.0,0.0,3.0
565,3.0,17.0,2.0,1.0,0.0,80.0,116.0,3.0
566,3.0,18.0,2.0,1.0,0.0,25.0,113.0,3.0
567,3.0,13.0,3.0,2.0,0.0,0.0,1.0,3.0
568,3.0,22.0,3.0,1.0,0.0,1.0,104.0,3.0
569,2.0,18.0,1.0,0.0,0.0,5.0,0.0,3.0
570,1.0,16.0,0.0,0.0,0.0,0.0,0.0,3.0
571,2.0,25.0,2.0,0.0,160.0,1.0,0.0,3.0
572,2.0,4.0,2.0,0.0,1.0,68.0,0.0,3.0
573,2.0,3.0,3.0,0.0,82.0,1.0,0.0,3.0
574,3.0,3.0,2.0,1.0,1.0,45.0,37.0,3.0
575,2.0,4.0,2.0,0.0,1.0,97.0,0.0,3.0
576,1.0,7.0,0.0,0.0,1.0,0.0,0.0,3.0
577,1.0,6.0,0.0,0.0,0.0,0.0,0.0,3.0
578,2.0,6.0,1.0,0.0,0.0,0.0,0.0,3.0
579,1.0,6.0,0.0,0.0,0.0,0.0,0.0,3.0
580,1.0,6.0,0.0,0.0,0.0,0.0,0.0,3.0
581,1.0,6.0,0.0,0.0,0.0,0.0,0.0,3.0
582,1.0,6.0,0.0,0.0,1.0,0.0,0.0,3.0
583,1.0,6.0,0.0,0.0,0.0,0.0,0.0,3.0
584,2.0,6.0,1.0,0.0,0.0,144.0,0.0,3.0
585,1.0,7.0,0.0,0.0,0.0,0.0,0.0,3.0
586,1.0,6.0,0.0,0.0,0.0,0.0,0.0,3.0
587,1.0,6.0,0.0,0.0,0.0,0.0,0.0,3.0
588,2.0,6.0,1.0,0.0,0.0,0.0,0.0,3.0
589,1.0,6.0,0.0,0.0,0.0,0.0,0.0,3.0
590,1.0,6.0,0.0,0.0,0.0,0.0,0.0,3.0
591,2.0,6.0,1.0,0.0,0.0,0.0,0.0,3.0
592,1.0,6.0,0.0,0.0,0.0,0.0,0.0,3.0
593,2.0,6.0,1.0,0.0,0.0,144.0,0.0,3.0
594,1.0,6.0,0.0,0.0,0.0,0.0,0.0,3.0
595,2.0,8.0,1.0,0.0,0.0,0.0,0.0,3.0
596,1.0,1.0,0.0,0.0,1.0,0.0,0.0,3.0
597,1.0,2.0,0.0,0.0,0.0,0.0,0.0,3.0
598,1.0,2.0,0.0,0.0,0.0,0.0,0.0,3.0
599,1.0,1.0,0.0,0.0,1.0,0.0,0.0,3.0
600,1.0,2.0,0.0,0.0,1.0,0.0,0.0,3.0
601,2.0,3.0,2.0,0.0,153.0,0.0,0.0,3.0
602,2.0,5.0,2.0,0.0,1.0,104.0,0.0,3.0
603,1.0,18.0,0.0,0.0,0.0,0.0,0.0,3.0
604,2.0,14.0,2.0,0.0,0.0,169.0,0.0,3.0
605,2.0,16.0,2.0,0.0,160.0,1.0,0.0,3.0
606,3.0,3.0,2.0,1.0,0.0,40.0,36.0,3.0
607,3.0,2.0,1.0,1.0,97.0,0.0,0.0,3.0
608,1.0,3.0,0.0,0.0,0.0,0.0,0.0,3.0
609,1.0,2.0,0.0,0.0,0.0,0.0,0.0,3.0
610,1.0,2.0,0.0,0.0,0.0,0.0,0.0,3.0
611,1.0,2.0,0.0,0.0,0.0,0.0,0.0,3.0
612,1.0,2.0,0.0,0.0,0.0,0.0,0.0,3.0
613,1.0,2.0,0.0,0.0,1.0,0.0,0.0,2.0
614,1.0,2.0,0.0,0.0,0.0,0.0,0.0,2.0
615,1.0,1.0,0.0,0.0,1.0,0.0,0.0,2.0
616,1.0,3.0,0.0,0.0,0.0,0.0,0.0,2.0
617,1.0,1.0,0.0,0.0,0.0,0.0,0.0,2.0
618,1.0,2.0,0.0,0.0,0.0,0.0,0.0,2.0
619,1.0,3.0,0.0,0.0,0.0,0.0,0.0,2.0
620,2.0,1.0,1.0,0.0,0.0,0.0,0.0,2.0
621,2.0,1.0,1.0,0.0,148.0,1.0,0.0,2.0
622,1.0,3.0,0.0,0.0,0.0,0.0,0.0,2.0
623,1.0,3.0,0.0,0.0,0.0,0.0,0.0,2.0
624,1.0,2.0,0.0,0.0,0.0,0.0,0.0,2.0
625,2.0,3.0,1.0,0.0,0.0,0.0,0.0,2.0
626,2.0,3.0,1.0,0.0,0.0,0.0,0.0,2.0
627,2.0,3.0,1.0,0.0,1.0,145.0,0.0,2.0
628,1.0,3.0,0.0,0.0,0.0,0.0,0.0,2.0
629,1.0,1.0,0.0,0.0,1.0,0.0,0.0,2.0
630,1.0,2.0,0.0,0.0,0.0,0.0,0.0,2.0
631,1.0,1.0,0.0,0.0,0.0,0.0,0.0,2.0
632,1.0,2.0,0.0,0.0,0.0,0.0,0.0,2.0
633,1.0,2.0,0.0,0.0,0.0,0.0,0.0,2.0
634,1.0,2.0,0.0,0.0,0.0,0.0,0.0,2.0
635,1.0,2.0,0.0,0.0,0.0,0.0,0.0,2.0
636,2.0,2.0,1.0,0.0,1.0,145.0,0.0,2.0
637,1.0,2.0,0.0,0.0,0.0,0.0,0.0,2.0
638,1.0,3.0,0.0,0.0,0.0,0.0,0.0,2.0
639,2.0,2.0,1.0,0.0,1.0,170.0,0.0,2.0
640,2.0,2.0,1.0,0.0,0.0,0.0,0.0,2.0
641,2.0,2.0,1.0,0.0,0.0,0.0,0.0,2.0
642,2.0,2.0,1.0,0.0,0.0,0.0,0.0,2.0
643,2.0,3.0,1.0,0.0,0.0,0.0,0.0,2.0
644,1.0,2.0,0.0,0.0,1.0,0.0,0.0,2.0
645,2.0,3.0,1.0,0.0,0.0,0.0,0.0,2.0
646,2.0,2.0,1.0,0.0,1.0,145.0,0.0,2.0
647,1.0,2.0,0.0,0.0,1.0,0.0,0.0,2.0
648,1.0,2.0,0.0,0.0,1.0,0.0,0.0,2.0
649,2.0,2.0,1.0,0.0,0.0,0.0,0.0,2.0
650,1.0,2.0,0.0,0.0,1.0,0.0,0.0,2.0
651,2.0,2.0,1.0,0.0,1.0,170.0,0.0,2.0
652,1.0,2.0,0.0,0.0,1.0,0.0,0.0,2.0
653,1.0,2.0,0.0,0.0,0.0,0.0,0.0,2.0
654,1.0,3.0,0.0,0.0,0.0,0.0,0.0,2.0
655,2.0,2.0,1.0,0.0,1.0,145.0,0.0,2.0
656,1.0,2.0,0.0,0.0,0.0,0.0,0.0,2.0
657,1.0,1.0,0.0,0.0,1.0,0.0,0.0,2.0
658,2.0,2.0,1.0,0.0,0.0,0.0,0.0,2.0
659,1.0,1.0,0.0,0.0,0.0,0.0,0.0,2.0
660,0.0,0.0,0.0,0.0,0.0,0.0,0.0,2.0
661,0.0,0.0,0.0,0.0,0.0,0.0,0.0,2.0
662,0.0,0.0,0.0,0.0,0.0,0.0,0.0,2.0
663,1.0,2.0,0.0,0.0,0.0,0.0,0.0,2.0
664,1.0,2.0,0.0,0.0,0.0,0.0,0.0,2.0
665,1.0,2.0,0.0,0.0,0.0,0.0,0.0,2.0
666,2.0,2.0,1.0,0.0,0.0,148.0,0.0,2.0
667,2.0,2.0,1.0,0.0,0.0,0.0,0.0,2.0
668,1.0,3.0,0.0,0.0,0.0,0.0,0.0,2.0
669,1.0,2.0,0.0,0.0,0.0,0.0,0.0,2.0
670,2.0,2.0,1.0,0.0,0.0,0.0,0.0,2.0
671,1.0,5.0,0.0,0.0,0.0,0.0,0.0,2.0
672,2.0,2.0,2.0,0.0,148.0,0.0,0.0,2.0
673,2.0,2.0,2.0,0.0,148.0,0.0,0.0,2.0
674,2.0,2.0,1.0,0.0,1.0,170.0,0.0,2.0
675,2.0,2.0,2.0,0.0,148.0,0.0,0.0,2.0
676,2.0,2.0,1.0,0.0,0.0,0.0,0.0,2.0
677,2.0,2.0,1.0,0.0,0.0,148.0,0.0,2.0
678,2.0,2.0,1.0,0.0,0.0,0.0,0.0,2.0
679,2.0,2.0,1.0,0.0,0.0,0.0,0.0,2.0
680,2.0,2.0,1.0,0.0,0.0,0.0,0.0,2.0
681,2.0,2.0,1.0,0.0,0.0,0.0,0.0,2.0
682,2.0,2.0,1.0,0.0,0.0,0.0,0.0,2.0
683,1.0,2.0,0.0,0.0,0.0,0.0,0.0,2.0
684,1.0,2.0,0.0,0.0,0.0,0.0,0.0,2.0
685,1.0,2.0,0.0,0.0,0.0,0.0,0.0,2.0
686,1.0,2.0,0.0,0.0,0.0,0.0,0.0,2.0
687,1.0,2.0,0.0,0.0,0.0,0.0,0.0,2.0
688,1.0,2.0,0.0,0.0,0.0,0.0,0.0,2.0
689,1.0,2.0,0.0,0.0,0.0,0.0,0.0,2.0
690,2.0,3.0,1.0,0.0,0.0,0.0,0.0,2.0
691,1.0,3.0,0.0,0.0,0.0,0.0,0.0,2.0
692,1.0,2.0,0.0,0.0,0.0,0.0,0.0,2.0
693,1.0,2.0,0.0,0.0,0.0,0.0,0.0,2.0
694,1.0,3.0,0.0,0.0,0.0,0.0,0.0,2.0
695,1.0,2.0,0.0,0.0,1.0,0.0,0.0,2.0
696,2.0,2.0,1.0,0.0,1.0,145.0,0.0,2.0
697,1.0,2.0,0.0,0.0,1.0,0.0,0.0,2.0
698,2.0,2.0,2.0,0.0,0.0,0.0,0.0,2.0
699,2.0,2.0,1.0,0.0,0.0,0.0,0.0,2.0
700,1.0,2.0,0.0,0.0,0.0,0.0,0.0,2.0
701,2.0,2.0,1.0,0.0,0.0,148.0,0.0,2.0
702,1.0,2.0,0.0,0.0,1.0,0.0,0.0,2.0
703,1.0,3.0,0.0,0.0,0.0,0.0,0.0,2.0
704,1.0,2.0,0.0,0.0,0.0,0.0,0.0,2.0
705,1.0,2.0,0.0,0.0,1.0,0.0,0.0,2.0
706,1.0,2.0,0.0,0.0,0.0,0.0,0.0,2.0
707,1.0,3.0,0.0,0.0,0.0,0.0,0.0,2.0
708,1.0,3.0,0.0,0.0,0.0,0.0,0.0,2.0
709,2.0,3.0,1.0,0.0,0.0,0.0,0.0,2.0
710,1.0,3.0,0.0,0.0,0.0,0.0,0.0,2.0
711,2.0,3.0,1.0,0.0,0.0,0.0,0.0,2.0
712,1.0,3.0,0.0,0.0,0.0,0.0,0.0,2.0
713,1.0,3.0,0.0,0.0,0.0,0.0,0.0,2.0
714,1.0,1.0,0.0,0.0,1.0,0.0,0.0,2.0
715,2.0,2.0,1.0,0.0,1.0,145.0,0.0,2.0
716,2.0,2.0,1.0,0.0,145.0,0.0,0.0,2.0
717,2.0,4.0,1.0,0.0,0.0,0.0,0.0,2.0
718,1.0,1.0,0.0,0.0,0.0,0.0,0.0,2.0
719,1.0,2.0,0.0,0.0,0.0,0.0,0.0,2.0
720,2.0,1.0,1.0,0.0,0.0,0.0,0.0,2.0
721,1.0,1.0,0.0,0.0,0.0,0.0,0.0,2.0
722,1.0,5.0,0.0,0.0,0.0,0.0,0.0,2.0
723,2.0,2.0,1.0,0.0,0.0,145.0,0.0,2.0
724,1.0,1.0,0.0,0.0,0.0,0.0,0.0,2.0
725,1.0,2.0,0.0,0.0,0.0,0.0,0.0,2.0
726,1.0,2.0,0.0,0.0,0.0,0.0,0.0,2.0
727,1.0,1.0,0.0,0.0,0.0,0.0,0.0,2.0
728,1.0,2.0,0.0,0.0,0.0,0.0,0.0,2.0
729,1.0,1.0,0.0,0.0,0.0,0.0,0.0,2.0
730,1.0,1.0,0.0,0.0,0.0,0.0,0.0,2.0
731,1.0,3.0,0.0,0.0,0.0,0.0,0.0,2.0
732,1.0,3.0,0.0,0.0,0.0,0.0,0.0,2.0
733,1.0,1.0,0.0,0.0,1.0,0.0,0.0,2.0
734,1.0,1.0,0.0,0.0,1.0,0.0,0.0,2.0
735,1.0,2.0,0.0,0.0,1.0,0.0,0.0,2.0
736,1.0,2.0,0.0,0.0,0.0,0.0,0.0,2.0
737,1.0,2.0,0.0,0.0,0.0,0.0,0.0,2.0
738,1.0,2.0,0.0,0.0,0.0,0.0,0.0,2.0
739,1.0,3.0,0.0,0.0,1.0,0.0,0.0,2.0
740,1.0,3.0,0.0,0.0,0.0,0.0,0.0,2.0
741,1.0,2.0,0.0,0.0,0.0,0.0,0.0,2.0
742,1.0,3.0,0.0,0.0,0.0,0.0,0.0,2.0
743,1.0,3.0,0.0,0.0,0.0,0.0,0.0,2.0
744,1.0,3.0,0.0,0.0,0.0,0.0,0.0,2.0
745,1.0,3.0,0.0,0.0,0.0,0.0,0.0,2.0
746,2.0,3.0,1.0,0.0,0.0,0.0,0.0,2.0
747,1.0,3.0,0.0,0.0,0.0,0.0,0.0,2.0
748,1.0,3.0,0.0,0.0,0.0,0.0,0.0,2.0
749,1.0,3.0,0.0,0.0,0.0,0.0,0.0,2.0
750,1.0,3.0,0.0,0.0,0.0,0.0,0.0,2.0
751,2.0,3.0,1.0,0.0,0.0,0.0,0.0,2.0
752,1.0,3.0,0.0,0.0,0.0,0.0,0.0,2.0
753,1.0,3.0,0.0,0.0,0.0,0.0,0.0,2.0
754,1.0,2.0,0.0,0.0,0.0,0.0,0.0,2.0
755,1.0,3.0,0.0,0.0,0.0,0.0,0.0,2.0
756,1.0,2.0,0.0,0.0,1.0,0.0,0.0,2.0
757,1.0,3.0,0.0,0.0,0.0,0.0,0.0,2.0
758,3.0,3.0,1.0,1.0,153.0,145.0,4.0,2.0
759,2.0,8.0,1.0,0.0,0.0,0.0,0.0,2.0
760,1.0,6.0,0.0,0.0,0.0,0.0,0.0,2.0
761,1.0,5.0,0.0,0.0,0.0,0.0,0.0,2.0
762,2.0,5.0,1.0,0.0,0.0,0.0,0.0,2.0
763,2.0,4.0,2.0,0.0,0.0,1.0,0.0,2.0
764,1.0,4.0,0.0,0.0,0.0,0.0,0.0,2.0
765,3.0,4.0,1.0,1.0,0.0,145.0,160.0,2.0
766,1.0,7.0,0.0,0.0,0.0,0.0,0.0,2.0
767,1.0,6.0,0.0,0.0,0.0,0.0,0.0,2.0
768,3.0,4.0,1.0,1.0,0.0,0.0,0.0,2.0
769,2.0,5.0,1.0,0.0,1.0,144.0,0.0,2.0
770,3.0,4.0,1.0,1.0,0.0,0.0,0.0,2.0
771,2.0,6.0,1.0,0.0,1.0,145.0,0.0,2.0
772,2.0,7.0,1.0,0.0,0.0,0.0,0.0,2.0
773,2.0,5.0,1.0,0.0,1.0,144.0,0.0,2.0
774,1.0,8.0,0.0,0.0,1.0,0.0,0.0,2.0
775,3.0,3.0,2.0,1.0,0.0,178.0,170.0,2.0
776,1.0,6.0,0.0,0.0,0.0,0.0,0.0,2.0
777,3.0,4.0,2.0,1.0,0.0,0.0,0.0,2.0
778,2.0,4.0,2.0,0.0,148.0,1.0,0.0,2.0
779,2.0,3.0,2.0,0.0,130.0,0.0,0.0,3.0
780,2.0,3.0,2.0,0.0,0.0,0.0,0.0,3.0
781,1.0,6.0,0.0,0.0,0.0,0.0,0.0,3.0
782,2.0,3.0,1.0,0.0,1.0,4.0,0.0,3.0
783,1.0,6.0,0.0,0.0,0.0,0.0,0.0,3.0
784,1.0,7.0,0.0,0.0,0.0,0.0,0.0,3.0
785,2.0,4.0,2.0,0.0,1.0,4.0,0.0,3.0
786,1.0,10.0,0.0,0.0,1.0,0.0,0.0,3.0
787,2.0,4.0,1.0,0.0,0.0,0.0,0.0,3.0
788,1.0,4.0,0.0,0.0,0.0,0.0,0.0,3.0
789,1.0,2.0,0.0,0.0,4.0,0.0,0.0,3.0
790,2.0,3.0,2.0,0.0,130.0,0.0,0.0,3.0
791,2.0,6.0,1.0,0.0,0.0,121.0,0.0,3.0
792,1.0,7.0,0.0,0.0,0.0,0.0,0.0,3.0
793,1.0,6.0,0.0,0.0,0.0,0.0,0.0,3.0
794,2.0,6.0,1.0,0.0,0.0,121.0,0.0,3.0
795,1.0,6.0,0.0,0.0,0.0,0.0,0.0,3.0
796,1.0,7.0,0.0,0.0,0.0,0.0,0.0,3.0
797,2.0,7.0,1.0,0.0,0.0,0.0,0.0,3.0
798,3.0,3.0,3.0,1.0,0.0,1.0,122.0,3.0
799,3.0,3.0,2.0,1.0,0.0,0.0,0.0,3.0
800,3.0,3.0,2.0,1.0,125.0,1.0,122.0,3.0
801,2.0,3.0,2.0,0.0,125.0,1.0,0.0,3.0
802,1.0,3.0,0.0,0.0,1.0,0.0,0.0,3.0
803,1.0,3.0,0.0,0.0,0.0,0.0,0.0,3.0
804,2.0,2.0,1.0,0.0,0.0,148.0,0.0,3.0
805,1.0,3.0,0.0,0.0,0.0,0.0,0.0,3.0
806,1.0,3.0,0.0,0.0,1.0,0.0,0.0,3.0
807,2.0,4.0,1.0,0.0,0.0,148.0,0.0,3.0
808,2.0,4.0,1.0,0.0,0.0,0.0,0.0,3.0
809,2.0,3.0,1.0,0.0,0.0,160.0,0.0,3.0
810,1.0,3.0,0.0,0.0,1.0,0.0,0.0,3.0
811,3.0,3.0,1.0,1.0,0.0,0.0,0.0,3.0
812,2.0,3.0,1.0,0.0,1.0,185.0,0.0,3.0
813,1.0,2.0,0.0,0.0,4.0,0.0,0.0,3.0
814,3.0,3.0,1.0,1.0,0.0,0.0,0.0,3.0
815,3.0,3.0,1.0,1.0,0.0,0.0,0.0,3.0
816,3.0,3.0,1.0,1.0,0.0,0.0,0.0,3.0
817,2.0,3.0,1.0,0.0,0.0,0.0,0.0,3.0
818,2.0,3.0,1.0,0.0,0.0,0.0,0.0,3.0
819,2.0,3.0,1.0,0.0,0.0,0.0,0.0,3.0
820,2.0,3.0,1.0,0.0,0.0,0.0,0.0,3.0
821,2.0,3.0,1.0,0.0,0.0,0.0,0.0,3.0
822,2.0,3.0,1.0,0.0,1.0,145.0,0.0,3.0
823,2.0,5.0,1.0,0.0,0.0,0.0,0.0,3.0
824,2.0,3.0,1.0,0.0,0.0,0.0,0.0,3.0
825,2.0,3.0,2.0,0.0,0.0,0.0,0.0,3.0
826,1.0,3.0,0.0,0.0,0.0,0.0,0.0,3.0
827,1.0,3.0,0.0,0.0,0.0,0.0,0.0,3.0
828,1.0,3.0,0.0,0.0,1.0,0.0,0.0,3.0
829,2.0,3.0,1.0,0.0,0.0,0.0,0.0,3.0
830,1.0,5.0,0.0,0.0,0.0,0.0,0.0,3.0
831,2.0,6.0,1.0,0.0,0.0,0.0,0.0,3.0
832,2.0,8.0,1.0,0.0,0.0,0.0,0.0,3.0
833,1.0,5.0,0.0,0.0,0.0,0.0,0.0,3.0
834,2.0,3.0,1.0,0.0,0.0,0.0,0.0,3.0
835,2.0,3.0,1.0,0.0,0.0,0.0,0.0,3.0
836,2.0,3.0,1.0,0.0,1.0,145.0,0.0,3.0
837,1.0,6.0,0.0,0.0,0.0,0.0,0.0,3.0
838,1.0,6.0,0.0,0.0,0.0,0.0,0.0,3.0
839,1.0,6.0,0.0,0.0,0.0,0.0,0.0,3.0
840,2.0,6.0,1.0,0.0,0.0,0.0,0.0,3.0
841,3.0,4.0,1.0,1.0,130.0,125.0,1.0,3.0
842,2.0,4.0,2.0,0.0,0.0,0.0,0.0,3.0
843,1.0,5.0,0.0,0.0,0.0,0.0,0.0,3.0
844,1.0,4.0,0.0,0.0,0.0,0.0,0.0,3.0
845,1.0,4.0,0.0,0.0,0.0,0.0,0.0,3.0
846,2.0,4.0,2.0,0.0,1.0,1.0,0.0,3.0
847,2.0,6.0,3.0,0.0,1.0,173.0,0.0,3.0
848,2.0,4.0,2.0,0.0,0.0,0.0,0.0,3.0
849,2.0,2.0,1.0,0.0,0.0,0.0,0.0,3.0
850,2.0,2.0,1.0,0.0,0.0,0.0,0.0,3.0
851,1.0,3.0,0.0,0.0,1.0,0.0,0.0,3.0
852,2.0,2.0,1.0,0.0,1.0,170.0,0.0,3.0
853,1.0,5.0,0.0,0.0,0.0,0.0,0.0,3.0
854,1.0,6.0,0.0,0.0,0.0,0.0,0.0,3.0
855,1.0,6.0,0.0,0.0,0.0,0.0,0.0,3.0
856,1.0,5.0,0.0,0.0,0.0,0.0,0.0,3.0
857,2.0,3.0,2.0,0.0,1.0,145.0,0.0,3.0
858,1.0,6.0,0.0,0.0,0.0,0.0,0.0,3.0
859,1.0,3.0,0.0,0.0,1.0,0.0,0.0,3.0
860,2.0,3.0,1.0,0.0,0.0,0.0,0.0,3.0
861,2.0,3.0,1.0,0.0,0.0,0.0,0.0,3.0
862,2.0,3.0,1.0,0.0,0.0,0.0,0.0,3.0
863,2.0,3.0,1.0,0.0,1.0,1.0,0.0,3.0
864,3.0,3.0,1.0,1.0,0.0,0.0,0.0,3.0
865,3.0,2.0,2.0,1.0,130.0,4.0,122.0,3.0
866,2.0,5.0,1.0,0.0,125.0,4.0,0.0,3.0
867,2.0,3.0,1.0,0.0,1.0,145.0,0.0,3.0
868,1.0,8.0,0.0,0.0,0.0,0.0,0.0,3.0
869,3.0,4.0,1.0,1.0,153.0,148.0,0.0,3.0
870,2.0,6.0,1.0,0.0,0.0,0.0,0.0,3.0
871,2.0,4.0,1.0,0.0,0.0,0.0,0.0,3.0
872,3.0,4.0,1.0,1.0,0.0,0.0,0.0,3.0
873,3.0,4.0,1.0,1.0,0.0,0.0,0.0,3.0
874,2.0,4.0,1.0,0.0,173.0,1.0,0.0,3.0
875,3.0,4.0,1.0,1.0,148.0,145.0,1.0,3.0
876,3.0,8.0,1.0,1.0,0.0,0.0,0.0,3.0
877,1.0,7.0,0.0,0.0,0.0,0.0,0.0,3.0
878,1.0,4.0,0.0,0.0,0.0,0.0,0.0,3.0
879,1.0,4.0,0.0,0.0,1.0,0.0,0.0,3.0
880,3.0,4.0,1.0,1.0,0.0,145.0,153.0,3.0
881,3.0,3.0,1.0,1.0,0.0,122.0,1.0,3.0
882,2.0,4.0,1.0,0.0,1.0,1.0,0.0,3.0
883,2.0,5.0,1.0,0.0,1.0,100.0,0.0,3.0
884,3.0,6.0,1.0,1.0,0.0,0.0,0.0,3.0
885,2.0,6.0,1.0,0.0,0.0,1.0,0.0,3.0
886,1.0,7.0,0.0,0.0,1.0,0.0,0.0,3.0
887,4.0,4.0,1.0,1.0,0.0,0.0,0.0,3.0
888,2.0,6.0,1.0,0.0,0.0,0.0,0.0,3.0
889,1.0,9.0,0.0,0.0,0.0,0.0,0.0,3.0
890,2.0,7.0,1.0,0.0,0.0,130.0,0.0,3.0
891,2.0,7.0,1.0,0.0,0.0,130.0,0.0,3.0
892,3.0,6.0,1.0,1.0,0.0,0.0,0.0,3.0
893,2.0,9.0,2.0,0.0,0.0,0.0,0.0,3.0
894,1.0,10.0,0.0,0.0,0.0,0.0,0.0,3.0
895,2.0,7.0,1.0,0.0,0.0,0.0,0.0,3.0
896,2.0,7.0,1.0,0.0,0.0,130.0,0.0,3.0
897,2.0,4.0,1.0,0.0,122.0,4.0,0.0,3.0
898,0.0,0.0,0.0,0.0,0.0,0.0,0.0,3.0
899,3.0,1.0,1.0,1.0,185.0,170.0,1.0,3.0
900,4.0,2.0,1.0,1.0,0.0,0.0,0.0,3.0
901,3.0,1.0,1.0,1.0,0.0,0.0,0.0,3.0
902,3.0,1.0,1.0,1.0,0.0,0.0,0.0,3.0
903,4.0,2.0,1.0,1.0,0.0,0.0,0.0,3.0
904,1.0,1.0,0.0,0.0,1.0,0.0,0.0,3.0
905,3.0,1.0,1.0,1.0,0.0,0.0,0.0,3.0
906,2.0,1.0,1.0,0.0,0.0,0.0,0.0,3.0
907,2.0,1.0,1.0,0.0,148.0,0.0,0.0,3.0
908,2.0,1.0,1.0,0.0,0.0,0.0,0.0,3.0
909,1.0,1.0,0.0,0.0,0.0,0.0,0.0,3.0
910,3.0,1.0,1.0,1.0,0.0,0.0,0.0,3.0
911,2.0,1.0,1.0,0.0,0.0,0.0,0.0,3.0
912,2.0,1.0,1.0,0.0,0.0,0.0,0.0,3.0
913,3.0,1.0,1.0,1.0,121.0,121.0,4.0,3.0
914,1.0,5.0,0.0,0.0,0.0,0.0,0.0,3.0
915,4.0,6.0,1.0,1.0,1.0,64.0,64.0,3.0
916,3.0,8.0,1.0,1.0,1.0,81.0,0.0,3.0
917,1.0,24.0,0.0,0.0,4.0,0.0,0.0,3.0
918,2.0,24.0,1.0,0.0,0.0,100.0,0.0,3.0
919,2.0,12.0,1.0,0.0,0.0,0.0,0.0,3.0
920,2.0,17.0,1.0,0.0,1.0,1.0,0.0,3.0
921,1.0,1.0,0.0,0.0,0.0,0.0,0.0,3.0
922,0.0,0.0,0.0,0.0,0.0,0.0,0.0,3.0
923,0.0,0.0,0.0,0.0,0.0,0.0,0.0,3.0
924,0.0,0.0,0.0,0.0,0.0,0.0,0.0,3.0
925,0.0,0.0,0.0,0.0,0.0,0.0,0.0,3.0
926,0.0,0.0,0.0,0.0,0.0,0.0,0.0,3.0
927,0.0,0.0,0.0,0.0,0.0,0.0,0.0,3.0
928,0.0,0.0,0.0,0.0,0.0,0.0,0.0,3.0
929,0.0,0.0,0.0,0.0,0.0,0.0,0.0,3.0
930,0.0,0.0,0.0,0.0,0.0,0.0,0.0,3.0
931,0.0,0.0,0.0,0.0,0.0,0.0,0.0,3.0
932,0.0,0.0,0.0,0.0,0.0,0.0,0.0,3.0
933,0.0,0.0,0.0,0.0,0.0,0.0,0.0,3.0
934,0.0,0.0,0.0,0.0,0.0,0.0,0.0,3.0
935,0.0,0.0,0.0,0.0,0.0,0.0,0.0,3.0
936,0.0,0.0,0.0,0.0,0.0,0.0,0.0,3.0
937,0.0,0.0,0.0,0.0,0.0,0.0,0.0,3.0
938,0.0,0.0,0.0,0.0,0.0,0.0,0.0,3.0
939,0.0,0.0,0.0,0.0,0.0,0.0,0.0,3.0
940,0.0,0.0,0.0,0.0,0.0,0.0,0.0,3.0
941,0.0,0.0,0.0,0.0,0.0,0.0,0.0,3.0
942,0.0,0.0,0.0,0.0,0.0,0.0,0.0,3.0
943,0.0,0.0,0.0,0.0,0.0,0.0,0.0,3.0
944,0.0,0.0,0.0,0.0,0.0,0.0,0.0,0.0
945,0.0,0.0,0.0,0.0,0.0,0.0,0.0,0.0
946,0.0,0.0,0.0,0.0,0.0,0.0,0.0,0.0
947,0.0,0.0,0.0,0.0,0.0,0.0,0.0,0.0
948,0.0,0.0,0.0,0.0,0.0,0.0,0.0,0.0
949,0.0,0.0,0.0,0.0,0.0,0.0,0.0,0.0
950,0.0,0.0,0.0,0.0,0.0,0.0,0.0,0.0
951,0.0,0.0,0.0,0.0,0.0,0.0,0.0,0.0
952,0.0,0.0,0.0,0.0,0.0,0.0,0.0,0.0
953,0.0,0.0,0.0,0.0,0.0,0.0,0.0,0.0
954,0.0,0.0,0.0,0.0,0.0,0.0,0.0,0.0
955,0.0,0.0,0.0,0.0,0.0,0.0,0.0,0.0
956,0.0,0.0,0.0,0.0,0.0,0.0,0.0,0.0
957,0.0,0.0,0.0,0.0,0.0,0.0,0.0,0.0
958,0.0,0.0,0.0,0.0,0.0,0.0,0.0,0.0
959,0.0,0.0,0.0,0.0,0.0,0.0,0.0,0.0
960,0.0,0.0,0.0,0.0,0.0,0.0,0.0,0.0
961,0.0,0.0,0.0,0.0,0.0,0.0,0.0,0.0
962,0.0,0.0,0.0,0.0,0.0,0.0,0.0,0.0
963,0.0,0.0,0.0,0.0,0.0,0.0,0.0,0.0
964,0.0,0.0,0.0,0.0,0.0,0.0,0.0,0.0
965,0.0,0.0,0.0,0.0,0.0,0.0,0.0,0.0
966,0.0,0.0,0.0,0.0,0.0,0.0,0.0,0.0
967,0.0,0.0,0.0,0.0,0.0,0.0,0.0,0.0
968,0.0,0.0,0.0,0.0,0.0,0.0,0.0,0.0
969,0.0,0.0,0.0,0.0,0.0,0.0,0.0,0.0
970,0.0,0.0,0.0,0.0,0.0,0.0,0.0,0.0
971,0.0,0.0,0.0,0.0,0.0,0.0,0.0,0.0
972,0.0,0.0,0.0,0.0,0.0,0.0,0.0,0.0
973,0.0,0.0,0.0,0.0,0.0,0.0,0.0,0.0
974,0.0,0.0,0.0,0.0,0.0,0.0,0.0,0.0
975,0.0,0.0,0.0,0.0,0.0,0.0,0.0,0.0
976,0.0,0.0,0.0,0.0,0.0,0.0,0.0,0.0
977,0.0,0.0,0.0,0.0,0.0,0.0,0.0,0.0
978,0.0,0.0,0.0,0.0,0.0,0.0,0.0,0.0
979,0.0,0.0,0.0,0.0,0.0,0.0,0.0,0.0
980,0.0,0.0,0.0,0.0,0.0,0.0,0.0,0.0
981,0.0,0.0,0.0,0.0,0.0,0.0,0.0,0.0
982,0.0,0.0,0.0,0.0,0.0,0.0,0.0,0.0
983,0.0,0.0,0.0,0.0,0.0,0.0,0.0,0.0
984,0.0,0.0,0.0,0.0,0.0,0.0,0.0,0.0
985,0.0,0.0,0.0,0.0,0.0,0.0,0.0,0.0
986,0.0,0.0,0.0,0.0,0.0,0.0,0.0,0.0
987,0.0,0.0,0.0,0.0,0.0,0.0,0.0,0.0
988,0.0,0.0,0.0,0.0,0.0,0.0,0.0,0.0
989,0.0,0.0,0.0,0.0,0.0,0.0,0.0,0.0
990,0.0,0.0,0.0,0.0,0.0,0.0,0.0,0.0
991,0.0,0.0,0.0,0.0,0.0,0.0,0.0,0.0
992,0.0,0.0,0.0,0.0,0.0,0.0,0.0,0.0
993,0.0,0.0,0.0,0.0,0.0,0.0,0.0,0.0
994,0.0,0.0,0.0,0.0,0.0,0.0,0.0,0.0
995,0.0,0.0,0.0,0.0,0.0,0.0,0.0,0.0
996,0.0,0.0,0.0,0.0,0.0,0.0,0.0,0.0
997,0.0,0.0,0.0,0.0,0.0,0.0,0.0,0.0
998,0.0,0.0,0.0,0.0,0.0,0.0,0.0,0.0
999,0.0,0.0,0.0,0.0,0.0,0.0,0.0,0.0
1000,0.0,0.0,0.0,0.0,0.0,0.0,0.0,0.0
1001,0.0,0.0,0.0,0.0,0.0,0.0,0.0,0.0
1002,0.0,0.0,0.0,0.0,0.0,0.0,0.0,0.0
1003,0.0,0.0,0.0,0.0,0.0,0.0,0.0,0.0
1004,0.0,0.0,0.0,0.0,0.0,0.0,0.0,0.0
1005,0.0,0.0,0.0,0.0,0.0,0.0,0.0,0.0
1006,0.0,0.0,0.0,0.0,0.0,0.0,0.0,0.0
1007,0.0,0.0,0.0,0.0,0.0,0.0,0.0,0.0
1008,0.0,0.0,0.0,0.0,0.0,0.0,0.0,0.0
1009,0.0,0.0,0.0,0.0,0.0,0.0,0.0,0.0
1010,0.0,0.0,0.0,0.0,0.0,0.0,0.0,0.0
1011,0.0,0.0,0.0,0.0,0.0,0.0,0.0,0.0
1012,0.0,0.0,0.0,0.0,0.0,0.0,0.0,0.0
1013,0.0,0.0,0.0,0.0,0.0,0.0,0.0,0.0
1014,0.0,0.0,0.0,0.0,0.0,0.0,0.0,0.0
1015,0.0,0.0,0.0,0.0,0.0,0.0,0.0,0.0
1016,0.0,0.0,0.0,0.0,0.0,0.0,0.0,0.0
1017,0.0,0.0,0.0,0.0,0.0,0.0,0.0,0.0
1018,0.0,0.0,0.0,0.0,0.0,0.0,0.0,0.0
1019,0.0,0.0,0.0,0.0,0.0,0.0,0.0,0.0
1020,0.0,0.0,0.0,0.0,0.0,0.0,0.0,0.0
1021,0.0,0.0,0.0,0.0,0.0,0.0,0.0,0.0
1022,0.0,0.0,0.0,0.0,0.0,0.0,0.0,0.0
1023,0.0,0.0,0.0,0.0,0.0,0.0,0.0,0.0
1024,0.0,0.0,0.0,0.0,0.0,0.0,0.0,0.0
1025,0.0,0.0,0.0,0.0,0.0,0.0,0.0,0.0
1026,0.0,0.0,0.0,0.0,0.0,0.0,0.0,0.0
1027,0.0,0.0,0.0,0.0,0.0,0.0,0.0,0.0
1028,0.0,0.0,0.0,0.0,0.0,0.0,0.0,0.0
1029,0.0,0.0,0.0,0.0,0.0,0.0,0.0,0.0
1030,0.0,0.0,0.0,0.0,0.0,0.0,0.0,0.0
1031,0.0,0.0,0.0,0.0,0.0,0.0,0.0,0.0
1032,0.0,0.0,0.0,0.0,0.0,0.0,0.0,0.0
1033,0.0,0.0,0.0,0.0,0.0,0.0,0.0,0.0
1034,0.0,0.0,0.0,0.0,0.0,0.0,0.0,0.0
1035,0.0,0.0,0.0,0.0,0.0,0.0,0.0,0.0
1036,0.0,0.0,0.0,0.0,0.0,0.0,0.0,0.0
1037,0.0,0.0,0.0,0.0,0.0,0.0,0.0,0.0
1038,0.0,0.0,0.0,0.0,0.0,0.0,0.0,0.0
1039,0.0,0.0,0.0,0.0,0.0,0.0,0.0,0.0
1040,0.0,0.0,0.0,0.0,0.0,0.0,0.0,0.0
1041,0.0,0.0,0.0,0.0,0.0,0.0,0.0,0.0
1042,0.0,0.0,0.0,0.0,0.0,0.0,0.0,0.0
1043,0.0,0.0,0.0,0.0,0.0,0.0,0.0,0.0
1044,0.0,0.0,0.0,0.0,0.0,0.0,0.0,0.0
1045,0.0,0.0,0.0,0.0,0.0,0.0,0.0,0.0
1046,0.0,0.0,0.0,0.0,0.0,0.0,0.0,0.0
1047,0.0,0.0,0.0,0.0,0.0,0.0,0.0,0.0
1048,0.0,0.0,0.0,0.0,0.0,0.0,0.0,0.0
1049,0.0,0.0,0.0,0.0,0.0,0.0,0.0,0.0
1050,0.0,0.0,0.0,0.0,0.0,0.0,0.0,0.0
1051,0.0,0.0,0.0,0.0,0.0,0.0,0.0,0.0
1052,0.0,0.0,0.0,0.0,0.0,0.0,0.0,0.0
1053,0.0,0.0,0.0,0.0,0.0,0.0,0.0,0.0
1054,0.0,0.0,0.0,0.0,0.0,0.0,0.0,0.0
1055,0.0,0.0,0.0,0.0,0.0,0.0,0.0,0.0
1056,0.0,0.0,0.0,0.0,0.0,0.0,0.0,0.0
1057,0.0,0.0,0.0,0.0,0.0,0.0,0.0,0.0
1058,0.0,0.0,0.0,0.0,0.0,0.0,0.0,0.0
1059,0.0,0.0,0.0,0.0,0.0,0.0,0.0,0.0
1060,0.0,0.0,0.0,0.0,0.0,0.0,0.0,0.0
1061,0.0,0.0,0.0,0.0,0.0,0.0,0.0,0.0
1062,0.0,0.0,0.0,0.0,0.0,0.0,0.0,0.0
1063,0.0,0.0,0.0,0.0,0.0,0.0,0.0,0.0
1064,0.0,0.0,0.0,0.0,0.0,0.0,0.0,0.0
1065,0.0,0.0,0.0,0.0,0.0,0.0,0.0,0.0
1066,0.0,0.0,0.0,0.0,0.0,0.0,0.0,0.0
1067,0.0,0.0,0.0,0.0,0.0,0.0,0.0,0.0
1068,0.0,0.0,0.0,0.0,0.0,0.0,0.0,0.0
1069,0.0,0.0,0.0,0.0,0.0,0.0,0.0,0.0
1070,0.0,0.0,0.0,0.0,0.0,0.0,0.0,0.0
1071,0.0,0.0,0.0,0.0,0.0,0.0,0.0,0.0
1072,0.0,0.0,0.0,0.0,0.0,0.0,0.0,0.0
1073,0.0,0.0,0.0,0.0,0.0,0.0,0.0,0.0
1074,0.0,0.0,0.0,0.0,0.0,0.0,0.0,0.0
1075,0.0,0.0,0.0,0.0,0.0,0.0,0.0,0.0
1076,0.0,0.0,0.0,0.0,0.0,0.0,0.0,0.0
1077,0.0,0.0,0.0,0.0,0.0,0.0,0.0,0.0
1078,0.0,0.0,0.0,0.0,0.0,0.0,0.0,0.0
1079,0.0,0.0,0.0,0.0,0.0,0.0,0.0,0.0
1080,0.0,0.0,0.0,0.0,0.0,0.0,0.0,0.0
1081,0.0,0.0,0.0,0.0,0.0,0.0,0.0,0.0
1082,0.0,0.0,0.0,0.0,0.0,0.0,0.0,0.0
1083,0.0,0.0,0.0,0.0,0.0,0.0,0.0,0.0
1084,0.0,0.0,0.0,0.0,0.0,0.0,0.0,0.0
1085,0.0,0.0,0.0,0.0,0.0,0.0,0.0,0.0
1086,0.0,0.0,0.0,0.0,0.0,0.0,0.0,0.0
1087,0.0,0.0,0.0,0.0,0.0,0.0,0.0,0.0
1088,0.0,0.0,0.0,0.0,0.0,0.0,0.0,0.0
1089,0.0,0.0,0.0,0.0,0.0,0.0,0.0,0.0
1090,0.0,0.0,0.0,0.0,0.0,0.0,0.0,0.0
1091,0.0,0.0,0.0,0.0,0.0,0.0,0.0,0.0
1092,0.0,0.0,0.0,0.0,0.0,0.0,0.0,0.0
1093,0.0,0.0,0.0,0.0,0.0,0.0,0.0,0.0
1094,0.0,0.0,0.0,0.0,0.0,0.0,0.0,0.0
1095,0.0,0.0,0.0,0.0,0.0,0.0,0.0,0.0
1096,0.0,0.0,0.0,0.0,0.0,0.0,0.0,0.0
1097,0.0,0.0,0.0,0.0,0.0,0.0,0.0,0.0
1098,0.0,0.0,0.0,0.0,0.0,0.0,0.0,0.0
1099,0.0,0.0,0.0,0.0,0.0,0.0,0.0,0.0
1100,0.0,0.0,0.0,0.0,0.0,0.0,0.0,0.0
1101,0.0,0.0,0.0,0.0,0.0,0.0,0.0,0.0
1102,0.0,0.0,0.0,0.0,0.0,0.0,0.0,0.0
1103,0.0,0.0,0.0,0.0,0.0,0.0,0.0,0.0
1104,0.0,0.0,0.0,0.0,0.0,0.0,0.0,0.0
1105,0.0,0.0,0.0,0.0,0.0,0.0,0.0,0.0
1106,0.0,0.0,0.0,0.0,0.0,0.0,0.0,0.0
1107,0.0,0.0,0.0,0.0,0.0,0.0,0.0,0.0
1108,0.0,0.0,0.0,0.0,0.0,0.0,0.0,0.0
1109,0.0,0.0,0.0,0.0,0.0,0.0,0.0,0.0
1110,0.0,0.0,0.0,0.0,0.0,0.0,0.0,0.0
1111,0.0,0.0,0.0,0.0,0.0,0.0,0.0,0.0
1112,0.0,0.0,0.0,0.0,0.0,0.0,0.0,0.0
1113,0.0,0.0,0.0,0.0,0.0,0.0,0.0,0.0
1114,0.0,0.0,0.0,0.0,0.0,0.0,0.0,0.0
1115,0.0,0.0,0.0,0.0,0.0,0.0,0.0,0.0
1116,0.0,0.0,0.0,0.0,0.0,0.0,0.0,0.0
1117,0.0,0.0,0.0,0.0,0.0,0.0,0.0,0.0
1118,0.0,0.0,0.0,0.0,0.0,0.0,0.0,0.0
1119,0.0,0.0,0.0,0.0,0.0,0.0,0.0,0.0
1120,0.0,0.0,0.0,0.0,0.0,0.0,0.0,0.0
1121,0.0,0.0,0.0,0.0,0.0,0.0,0.0,0.0
1122,0.0,0.0,0.0,0.0,0.0,0.0,0.0,0.0
1123,0.0,0.0,0.0,0.0,0.0,0.0,0.0,0.0
1124,0.0,0.0,0.0,0.0,0.0,0.0,0.0,0.0
1125,0.0,0.0,0.0,0.0,0.0,0.0,0.0,0.0
1126,0.0,0.0,0.0,0.0,0.0,0.0,0.0,0.0
1127,0.0,0.0,0.0,0.0,0.0,0.0,0.0,0.0
1128,0.0,0.0,0.0,0.0,0.0,0.0,0.0,0.0
1129,0.0,0.0,0.0,0.0,0.0,0.0,0.0,0.0
1130,0.0,0.0,0.0,0.0,0.0,0.0,0.0,0.0
1131,0.0,0.0,0.0,0.0,0.0,0.0,0.0,0.0
1132,0.0,0.0,0.0,0.0,0.0,0.0,0.0,0.0
1133,0.0,0.0,0.0,0.0,0.0,0.0,0.0,0.0
1134,0.0,0.0,0.0,0.0,0.0,0.0,0.0,0.0
1135,0.0,0.0,0.0,0.0,0.0,0.0,0.0,0.0
1136,0.0,0.0,0.0,0.0,0.0,0.0,0.0,0.0
1137,0.0,0.0,0.0,0.0,0.0,0.0,0.0,0.0
1138,0.0,0.0,0.0,0.0,0.0,0.0,0.0,0.0
1139,0.0,0.0,0.0,0.0,0.0,0.0,0.0,0.0
1140,0.0,0.0,0.0,0.0,0.0,0.0,0.0,0.0
1141,0.0,0.0,0.0,0.0,0.0,0.0,0.0,0.0
1142,0.0,0.0,0.0,0.0,0.0,0.0,0.0,0.0
1143,0.0,0.0,0.0,0.0,0.0,0.0,0.0,0.0
1144,0.0,0.0,0.0,0.0,0.0,0.0,0.0,0.0
1145,0.0,0.0,0.0,0.0,0.0,0.0,0.0,0.0
1146,0.0,0.0,0.0,0.0,0.0,0.0,0.0,0.0
1147,0.0,0.0,0.0,0.0,0.0,0.0,0.0,0.0
1148,0.0,0.0,0.0,0.0,0.0,0.0,0.0,0.0
1149,0.0,0.0,0.0,0.0,0.0,0.0,0.0,0.0
1150,0.0,0.0,0.0,0.0,0.0,0.0,0.0,0.0
1151,0.0,0.0,0.0,0.0,0.0,0.0,0.0,0.0
1152,1.0,79.0,0.0,0.0,1.0,0.0,0.0,0.0
1153,4.0,23.0,5.0,1.0,1.0,81.0,82.0,0.0
1154,2.0,107.0,11.0,0.0,0.0,0.0,0.0,0.0
1155,2.0,14.0,9.0,0.0,1.0,29.0,0.0,0.0
1156,2.0,15.0,12.0,0.0,0.0,9.0,0.0,0.0
1157,2.0,28.0,1.0,0.0,0.0,61.0,0.0,0.0
1158,2.0,11.0,3.0,0.0,0.0,0.0,0.0,0.0
1159,3.0,4.0,3.0,1.0,0.0,0.0,0.0,0.0
1160,2.0,4.0,2.0,0.0,0.0,0.0,0.0,0.0
1161,2.0,3.0,3.0,0.0,0.0,1.0,0.0,0.0
1162,2.0,3.0,2.0,0.0,0.0,1.0,0.0,0.0
1163,2.0,4.0,4.0,0.0,37.0,0.0,0.0,0.0
1164,2.0,5.0,5.0,0.0,25.0,0.0,0.0,0.0
1165,2.0,11.0,4.0,0.0,0.0,0.0,0.0,0.0
1166,2.0,9.0,3.0,0.0,0.0,1.0,0.0,0.0
1167,2.0,11.0,5.0,0.0,0.0,0.0,0.0,0.0
1168,2.0,11.0,4.0,0.0,0.0,0.0,0.0,0.0
1169,2.0,9.0,3.0,0.0,0.0,17.0,0.0,0.0
1170,2.0,11.0,2.0,0.0,0.0,0.0,0.0,0.0
1171,2.0,12.0,2.0,0.0,0.0,0.0,0.0,0.0
1172,2.0,12.0,4.0,0.0,0.0,25.0,0.0,0.0
1173,3.0,6.0,1.0,1.0,0.0,26.0,41.0,0.0
1174,2.0,4.0,2.0,0.0,0.0,0.0,0.0,0.0
1175,2.0,5.0,2.0,0.0,0.0,0.0,0.0,0.0
1176,3.0,5.0,1.0,1.0,0.0,0.0,0.0,0.0
1177,2.0,5.0,2.0,0.0,0.0,0.0,0.0,0.0
1178,2.0,9.0,2.0,0.0,0.0,0.0,0.0,0.0
1179,2.0,12.0,3.0,0.0,0.0,0.0,0.0,0.0
1180,2.0,11.0,2.0,0.0,0.0,0.0,0.0,3.0
1181,2.0,11.0,3.0,0.0,0.0,1.0,0.0,3.0
1182,2.0,10.0,3.0,0.0,0.0,26.0,0.0,3.0
1183,2.0,11.0,3.0,0.0,0.0,0.0,0.0,3.0
1184,2.0,10.0,3.0,0.0,0.0,17.0,0.0,3.0
1185,2.0,11.0,4.0,0.0,0.0,0.0,0.0,3.0
1186,2.0,11.0,3.0,0.0,0.0,17.0,0.0,3.0
1187,2.0,9.0,4.0,0.0,0.0,17.0,0.0,3.0
1188,2.0,5.0,4.0,0.0,0.0,0.0,0.0,3.0
1189,2.0,5.0,4.0,0.0,1.0,17.0,0.0,3.0
1190,3.0,5.0,4.0,2.0,1.0,17.0,25.0,3.0
1191,3.0,5.0,4.0,2.0,1.0,17.0,25.0,3.0
1192,2.0,5.0,4.0,0.0,0.0,0.0,0.0,3.0
1193,2.0,10.0,4.0,0.0,0.0,0.0,0.0,3.0
1194,2.0,9.0,4.0,0.0,0.0,0.0,0.0,3.0
1195,2.0,9.0,4.0,0.0,0.0,0.0,0.0,3.0
1196,2.0,9.0,4.0,0.0,0.0,0.0,0.0,3.0
1197,2.0,9.0,3.0,0.0,0.0,0.0,0.0,3.0
1198,2.0,11.0,4.0,0.0,0.0,0.0,0.0,3.0
1199,2.0,11.0,3.0,0.0,0.0,0.0,0.0,3.0
1200,2.0,5.0,3.0,0.0,0.0,9.0,0.0,3.0
1201,2.0,5.0,4.0,0.0,1.0,5.0,0.0,3.0
1202,2.0,10.0,7.0,0.0,0.0,0.0,0.0,3.0
1203,3.0,8.0,4.0,3.0,0.0,0.0,0.0,3.0
1204,3.0,7.0,5.0,4.0,0.0,0.0,0.0,3.0
1205,2.0,12.0,8.0,0.0,0.0,0.0,0.0,3.0
1206,2.0,10.0,4.0,0.0,4.0,0.0,0.0,3.0
1207,4.0,5.0,4.0,2.0,1.0,1.0,0.0,3.0
1208,3.0,5.0,4.0,4.0,1.0,0.0,0.0,3.0
1209,2.0,7.0,5.0,0.0,0.0,0.0,0.0,3.0
1210,2.0,12.0,6.0,0.0,0.0,0.0,0.0,3.0
1211,2.0,12.0,6.0,0.0,0.0,10.0,0.0,3.0
1212,1.0,10.0,0.0,0.0,0.0,0.0,0.0,3.0
1213,1.0,12.0,0.0,0.0,0.0,0.0,0.0,3.0
1214,2.0,5.0,4.0,0.0,0.0,0.0,0.0,3.0
1215,3.0,4.0,3.0,1.0,16.0,0.0,41.0,3.0
1216,2.0,6.0,5.0,0.0,0.0,0.0,0.0,3.0
1217,2.0,4.0,4.0,0.0,16.0,0.0,0.0,3.0
1218,3.0,5.0,4.0,1.0,0.0,25.0,41.0,3.0
1219,2.0,6.0,4.0,0.0,17.0,0.0,0.0,3.0
1220,2.0,5.0,4.0,0.0,26.0,0.0,0.0,3.0
1221,2.0,4.0,4.0,0.0,50.0,1.0,0.0,3.0
1222,3.0,5.0,4.0,4.0,0.0,0.0,0.0,3.0
1223,2.0,5.0,4.0,0.0,0.0,0.0,0.0,3.0
1224,2.0,5.0,4.0,0.0,0.0,26.0,0.0,3.0
1225,2.0,5.0,4.0,0.0,0.0,0.0,0.0,3.0
1226,2.0,5.0,5.0,0.0,0.0,0.0,0.0,3.0
1227,2.0,5.0,5.0,0.0,0.0,0.0,0.0,2.0
1228,2.0,5.0,4.0,0.0,16.0,0.0,0.0,2.0
1229,2.0,5.0,4.0,0.0,0.0,25.0,0.0,2.0
1230,2.0,5.0,5.0,0.0,0.0,0.0,0.0,2.0
1231,2.0,5.0,4.0,0.0,0.0,0.0,0.0,2.0
1232,2.0,5.0,4.0,0.0,0.0,25.0,0.0,2.0
1233,2.0,6.0,4.0,0.0,0.0,0.0,0.0,2.0
1234,2.0,5.0,4.0,0.0,16.0,0.0,0.0,2.0
1235,2.0,5.0,3.0,0.0,0.0,0.0,0.0,2.0
1236,2.0,5.0,4.0,0.0,0.0,0.0,0.0,2.0
1237,2.0,6.0,4.0,0.0,0.0,0.0,0.0,2.0
1238,2.0,5.0,4.0,0.0,0.0,0.0,0.0,2.0
1239,2.0,6.0,3.0,0.0,0.0,0.0,0.0,2.0
1240,2.0,5.0,4.0,0.0,0.0,25.0,0.0,2.0
1241,2.0,6.0,4.0,0.0,0.0,26.0,0.0,2.0
1242,2.0,7.0,5.0,0.0,0.0,0.0,0.0,2.0
1243,2.0,6.0,3.0,0.0,0.0,0.0,0.0,2.0
1244,2.0,7.0,4.0,0.0,0.0,25.0,0.0,2.0
1245,2.0,5.0,1.0,0.0,0.0,17.0,0.0,2.0
1246,2.0,1.0,1.0,0.0,17.0,1.0,0.0,2.0
1247,1.0,2.0,0.0,0.0,0.0,0.0,0.0,2.0
1248,2.0,5.0,1.0,0.0,0.0,29.0,0.0,2.0
1249,1.0,6.0,0.0,0.0,0.0,0.0,0.0,2.0
1250,2.0,6.0,1.0,0.0,0.0,0.0,0.0,2.0
1251,1.0,6.0,0.0,0.0,0.0,0.0,0.0,2.0
1252,2.0,6.0,2.0,0.0,0.0,0.0,0.0,2.0
1253,2.0,5.0,1.0,0.0,0.0,0.0,0.0,2.0
1254,2.0,5.0,1.0,0.0,0.0,37.0,0.0,2.0
1255,2.0,6.0,4.0,0.0,0.0,0.0,0.0,2.0
1256,2.0,5.0,2.0,0.0,0.0,26.0,0.0,2.0
1257,2.0,6.0,2.0,0.0,0.0,25.0,0.0,2.0
1258,2.0,5.0,3.0,0.0,0.0,1.0,0.0,2.0
1259,2.0,5.0,2.0,0.0,0.0,37.0,0.0,2.0
1260,2.0,4.0,2.0,0.0,0.0,0.0,0.0,2.0
1261,2.0,5.0,3.0,0.0,0.0,26.0,0.0,2.0
1262,1.0,10.0,0.0,0.0,0.0,0.0,0.0,2.0
1263,2.0,4.0,4.0,0.0,25.0,1.0,0.0,2.0
1264,2.0,3.0,1.0,0.0,0.0,13.0,0.0,2.0
1265,2.0,3.0,1.0,0.0,0.0,20.0,0.0,2.0
1266,1.0,3.0,0.0,0.0,0.0,0.0,0.0,2.0
1267,2.0,3.0,3.0,0.0,0.0,0.0,0.0,2.0
1268,2.0,5.0,4.0,0.0,25.0,0.0,0.0,2.0
1269,2.0,5.0,4.0,0.0,0.0,0.0,0.0,2.0
1270,2.0,5.0,3.0,0.0,0.0,37.0,0.0,2.0
1271,2.0,5.0,3.0,0.0,0.0,0.0,0.0,2.0
1272,2.0,5.0,4.0,0.0,0.0,0.0,0.0,2.0
1273,2.0,2.0,1.0,0.0,0.0,16.0,0.0,2.0
1274,2.0,4.0,3.0,0.0,0.0,0.0,0.0,2.0
1275,2.0,3.0,2.0,0.0,0.0,36.0,0.0,2.0
1276,1.0,10.0,0.0,0.0,0.0,0.0,0.0,2.0
1277,1.0,10.0,0.0,0.0,0.0,0.0,0.0,2.0
1278,2.0,4.0,4.0,0.0,0.0,0.0,0.0,2.0
1279,2.0,3.0,1.0,0.0,0.0,0.0,0.0,2.0
1280,1.0,4.0,0.0,0.0,0.0,0.0,0.0,2.0
1281,2.0,2.0,2.0,0.0,0.0,0.0,0.0,2.0
1282,2.0,2.0,1.0,0.0,0.0,37.0,0.0,2.0
1283,2.0,3.0,2.0,0.0,0.0,0.0,0.0,2.0
1284,2.0,2.0,2.0,0.0,37.0,1.0,0.0,2.0
1285,1.0,2.0,0.0,0.0,0.0,0.0,0.0,2.0
1286,1.0,2.0,0.0,0.0,0.0,0.0,0.0,2.0
1287,1.0,2.0,0.0,0.0,0.0,0.0,0.0,2.0
1288,3.0,4.0,3.0,1.0,26.0,0.0,41.0,2.0
1289,2.0,2.0,2.0,0.0,25.0,0.0,0.0,2.0
1290,2.0,4.0,1.0,0.0,0.0,0.0,0.0,2.0
1291,3.0,3.0,2.0,1.0,0.0,0.0,0.0,2.0
1292,3.0,4.0,2.0,1.0,17.0,0.0,0.0,2.0
1293,3.0,3.0,2.0,2.0,20.0,25.0,1.0,2.0
1294,2.0,8.0,2.0,0.0,0.0,1.0,0.0,2.0
1295,1.0,17.0,0.0,0.0,0.0,0.0,0.0,2.0
1296,2.0,21.0,8.0,0.0,25.0,49.0,0.0,2.0
1297,2.0,3.0,2.0,0.0,34.0,2.0,0.0,2.0
1298,1.0,12.0,0.0,0.0,4.0,0.0,0.0,3.0
1299,0.0,0.0,0.0,0.0,0.0,0.0,0.0,3.0
1300,0.0,0.0,0.0,0.0,0.0,0.0,0.0,3.0
1301,0.0,0.0,0.0,0.0,0.0,0.0,0.0,3.0
1302,0.0,0.0,0.0,0.0,0.0,0.0,0.0,3.0
1303,0.0,0.0,0.0,0.0,0.0,0.0,0.0,3.0
1304,0.0,0.0,0.0,0.0,0.0,0.0,0.0,3.0
1305,0.0,0.0,0.0,0.0,0.0,0.0,0.0,3.0
1306,0.0,0.0,0.0,0.0,0.0,0.0,0.0,3.0
1307,0.0,0.0,0.0,0.0,0.0,0.0,0.0,3.0
1308,0.0,0.0,0.0,0.0,0.0,0.0,0.0,3.0
1309,0.0,0.0,0.0,0.0,0.0,0.0,0.0,3.0
1310,0.0,0.0,0.0,0.0,0.0,0.0,0.0,3.0
1311,0.0,0.0,0.0,0.0,0.0,0.0,0.0,3.0
1312,0.0,0.0,0.0,0.0,0.0,0.0,0.0,3.0
1313,0.0,0.0,0.0,0.0,0.0,0.0,0.0,3.0
1314,0.0,0.0,0.0,0.0,0.0,0.0,0.0,3.0
1315,0.0,0.0,0.0,0.0,0.0,0.0,0.0,3.0
1316,0.0,0.0,0.0,0.0,0.0,0.0,0.0,3.0
1317,0.0,0.0,0.0,0.0,0.0,0.0,0.0,3.0
1318,0.0,0.0,0.0,0.0,0.0,0.0,0.0,3.0
1319,0.0,0.0,0.0,0.0,0.0,0.0,0.0,3.0
1320,0.0,0.0,0.0,0.0,0.0,0.0,0.0,3.0
1321,0.0,0.0,0.0,0.0,0.0,0.0,0.0,0.0
1322,0.0,0.0,0.0,0.0,0.0,0.0,0.0,0.0
1323,0.0,0.0,0.0,0.0,0.0,0.0,0.0,0.0
1324,0.0,0.0,0.0,0.0,0.0,0.0,0.0,0.0
1325,0.0,0.0,0.0,0.0,0.0,0.0,0.0,0.0
1326,0.0,0.0,0.0,0.0,0.0,0.0,0.0,0.0
1327,0.0,0.0,0.0,0.0,0.0,0.0,0.0,0.0
1328,0.0,0.0,0.0,0.0,0.0,0.0,0.0,0.0
1329,0.0,0.0,0.0,0.0,0.0,0.0,0.0,0.0
1330,0.0,0.0,0.0,0.0,0.0,0.0,0.0,0.0
1331,0.0,0.0,0.0,0.0,0.0,0.0,0.0,0.0
1332,0.0,0.0,0.0,0.0,0.0,0.0,0.0,0.0
1333,0.0,0.0,0.0,0.0,0.0,0.0,0.0,0.0
1334,0.0,0.0,0.0,0.0,0.0,0.0,0.0,0.0
1335,0.0,0.0,0.0,0.0,0.0,0.0,0.0,0.0
1336,0.0,0.0,0.0,0.0,0.0,0.0,0.0,0.0
1337,0.0,0.0,0.0,0.0,0.0,0.0,0.0,0.0
1338,0.0,0.0,0.0,0.0,0.0,0.0,0.0,0.0
1339,0.0,0.0,0.0,0.0,0.0,0.0,0.0,0.0
1340,0.0,0.0,0.0,0.0,0.0,0.0,0.0,0.0
1341,0.0,0.0,0.0,0.0,0.0,0.0,0.0,0.0
1342,0.0,0.0,0.0,0.0,0.0,0.0,0.0,0.0
1343,0.0,0.0,0.0,0.0,0.0,0.0,0.0,0.0
1344,0.0,0.0,0.0,0.0,0.0,0.0,0.0,0.0
1345,0.0,0.0,0.0,0.0,0.0,0.0,0.0,0.0
1346,0.0,0.0,0.0,0.0,0.0,0.0,0.0,0.0
1347,0.0,0.0,0.0,0.0,0.0,0.0,0.0,0.0
1348,0.0,0.0,0.0,0.0,0.0,0.0,0.0,0.0
1349,0.0,0.0,0.0,0.0,0.0,0.0,0.0,0.0
1350,0.0,0.0,0.0,0.0,0.0,0.0,0.0,0.0
1351,0.0,0.0,0.0,0.0,0.0,0.0,0.0,0.0
1352,0.0,0.0,0.0,0.0,0.0,0.0,0.0,0.0
1353,0.0,0.0,0.0,0.0,0.0,0.0,0.0,0.0
1354,0.0,0.0,0.0,0.0,0.0,0.0,0.0,0.0
1355,0.0,0.0,0.0,0.0,0.0,0.0,0.0,0.0
1356,0.0,0.0,0.0,0.0,0.0,0.0,0.0,0.0
1357,0.0,0.0,0.0,0.0,0.0,0.0,0.0,0.0
1358,0.0,0.0,0.0,0.0,0.0,0.0,0.0,0.0
1359,0.0,0.0,0.0,0.0,0.0,0.0,0.0,0.0
1360,0.0,0.0,0.0,0.0,0.0,0.0,0.0,0.0
1361,0.0,0.0,0.0,0.0,0.0,0.0,0.0,0.0
1362,0.0,0.0,0.0,0.0,0.0,0.0,0.0,0.0
1363,0.0,0.0,0.0,0.0,0.0,0.0,0.0,0.0
1364,0.0,0.0,0.0,0.0,0.0,0.0,0.0,0.0
1365,0.0,0.0,0.0,0.0,0.0,0.0,0.0,0.0
1366,0.0,0.0,0.0,0.0,0.0,0.0,0.0,0.0
1367,0.0,0.0,0.0,0.0,0.0,0.0,0.0,0.0
1368,0.0,0.0,0.0,0.0,0.0,0.0,0.0,0.0
1369,0.0,0.0,0.0,0.0,0.0,0.0,0.0,0.0
1370,0.0,0.0,0.0,0.0,0.0,0.0,0.0,0.0
1371,0.0,0.0,0.0,0.0,0.0,0.0,0.0,0.0
1372,0.0,0.0,0.0,0.0,0.0,0.0,0.0,0.0
1373,0.0,0.0,0.0,0.0,0.0,0.0,0.0,0.0
1374,0.0,0.0,0.0,0.0,0.0,0.0,0.0,0.0
1375,0.0,0.0,0.0,0.0,0.0,0.0,0.0,0.0
1376,0.0,0.0,0.0,0.0,0.0,0.0,0.0,0.0
1377,0.0,0.0,0.0,0.0,0.0,0.0,0.0,0.0
1378,0.0,0.0,0.0,0.0,0.0,0.0,0.0,0.0
1379,0.0,0.0,0.0,0.0,0.0,0.0,0.0,0.0
1380,0.0,0.0,0.0,0.0,0.0,0.0,0.0,0.0
1381,0.0,0.0,0.0,0.0,0.0,0.0,0.0,0.0
1382,0.0,0.0,0.0,0.0,0.0,0.0,0.0,0.0
1383,0.0,0.0,0.0,0.0,0.0,0.0,0.0,0.0
1384,0.0,0.0,0.0,0.0,0.0,0.0,0.0,0.0
1385,0.0,0.0,0.0,0.0,0.0,0.0,0.0,0.0
1386,0.0,0.0,0.0,0.0,0.0,0.0,0.0,0.0
1387,0.0,0.0,0.0,0.0,0.0,0.0,0.0,0.0
1388,0.0,0.0,0.0,0.0,0.0,0.0,0.0,0.0
1389,0.0,0.0,0.0,0.0,0.0,0.0,0.0,0.0
1390,0.0,0.0,0.0,0.0,0.0,0.0,0.0,0.0
1391,0.0,0.0,0.0,0.0,0.0,0.0,0.0,0.0
1392,0.0,0.0,0.0,0.0,0.0,0.0,0.0,0.0
1393,0.0,0.0,0.0,0.0,0.0,0.0,0.0,0.0
1394,0.0,0.0,0.0,0.0,0.0,0.0,0.0,0.0
1395,0.0,0.0,0.0,0.0,0.0,0.0,0.0,0.0
1396,0.0,0.0,0.0,0.0,0.0,0.0,0.0,0.0
1397,0.0,0.0,0.0,0.0,0.0,0.0,0.0,0.0
1398,0.0,0.0,0.0,0.0,0.0,0.0,0.0,0.0
1399,0.0,0.0,0.0,0.0,0.0,0.0,0.0,0.0
1400,0.0,0.0,0.0,0.0,0.0,0.0,0.0,0.0
1401,0.0,0.0,0.0,0.0,0.0,0.0,0.0,0.0
1402,0.0,0.0,0.0,0.0,0.0,0.0,0.0,0.0
1403,0.0,0.0,0.0,0.0,0.0,0.0,0.0,0.0
1404,0.0,0.0,0.0,0.0,0.0,0.0,0.0,0.0
1405,0.0,0.0,0.0,0.0,0.0,0.0,0.0,0.0
1406,0.0,0.0,0.0,0.0,0.0,0.0,0.0,0.0
1407,0.0,0.0,0.0,0.0,0.0,0.0,0.0,0.0
1408,0.0,0.0,0.0,0.0,0.0,0.0,0.0,0.0
1409,0.0,0.0,0.0,0.0,0.0,0.0,0.0,0.0
1410,0.0,0.0,0.0,0.0,0.0,0.0,0.0,0.0
1411,0.0,0.0,0.0,0.0,0.0,0.0,0.0,0.0
1412,0.0,0.0,0.0,0.0,0.0,0.0,0.0,0.0
1413,0.0,0.0,0.0,0.0,0.0,0.0,0.0,0.0
1414,0.0,0.0,0.0,0.0,0.0,0.0,0.0,0.0
1415,0.0,0.0,0.0,0.0,0.0,0.0,0.0,0.0
1416,0.0,0.0,0.0,0.0,0.0,0.0,0.0,0.0
1417,0.0,0.0,0.0,0.0,0.0,0.0,0.0,0.0
1418,0.0,0.0,0.0,0.0,0.0,0.0,0.0,0.0
1419,0.0,0.0,0.0,0.0,0.0,0.0,0.0,0.0
1420,0.0,0.0,0.0,0.0,0.0,0.0,0.0,0.0
1421,0.0,0.0,0.0,0.0,0.0,0.0,0.0,0.0
1422,0.0,0.0,0.0,0.0,0.0,0.0,0.0,0.0
1423,0.0,0.0,0.0,0.0,0.0,0.0,0.0,0.0
1424,0.0,0.0,0.0,0.0,0.0,0.0,0.0,0.0
1425,0.0,0.0,0.0,0.0,0.0,0.0,0.0,0.0
1426,0.0,0.0,0.0,0.0,0.0,0.0,0.0,0.0
1427,0.0,0.0,0.0,0.0,0.0,0.0,0.0,0.0
1428,0.0,0.0,0.0,0.0,0.0,0.0,0.0,0.0
1429,0.0,0.0,0.0,0.0,0.0,0.0,0.0,0.0
1430,0.0,0.0,0.0,0.0,0.0,0.0,0.0,0.0
1431,0.0,0.0,0.0,0.0,0.0,0.0,0.0,0.0
1432,0.0,0.0,0.0,0.0,0.0,0.0,0.0,0.0
1433,0.0,0.0,0.0,0.0,0.0,0.0,0.0,0.0
1434,0.0,0.0,0.0,0.0,0.0,0.0,0.0,0.0
1435,0.0,0.0,0.0,0.0,0.0,0.0,0.0,0.0
1436,0.0,0.0,0.0,0.0,0.0,0.0,0.0,0.0
1437,0.0,0.0,0.0,0.0,0.0,0.0,0.0,0.0
1438,0.0,0.0,0.0,0.0,0.0,0.0,0.0,0.0
1439,0.0,0.0,0.0,0.0,0.0,0.0,0.0,0.0
1440,0.0,0.0,0.0,0.0,0.0,0.0,0.0,0.0
1441,0.0,0.0,0.0,0.0,0.0,0.0,0.0,0.0
1442,0.0,0.0,0.0,0.0,0.0,0.0,0.0,0.0
1443,0.0,0.0,0.0,0.0,0.0,0.0,0.0,0.0
1444,0.0,0.0,0.0,0.0,0.0,0.0,0.0,0.0
1445,0.0,0.0,0.0,0.0,0.0,0.0,0.0,0.0
1446,0.0,0.0,0.0,0.0,0.0,0.0,0.0,0.0
1447,0.0,0.0,0.0,0.0,0.0,0.0,0.0,0.0
1448,0.0,0.0,0.0,0.0,0.0,0.0,0.0,0.0
1449,0.0,0.0,0.0,0.0,0.0,0.0,0.0,0.0
1450,0.0,0.0,0.0,0.0,0.0,0.0,0.0,0.0
1451,0.0,0.0,0.0,0.0,0.0,0.0,0.0,0.0
1452,0.0,0.0,0.0,0.0,0.0,0.0,0.0,0.0
1453,0.0,0.0,0.0,0.0,0.0,0.0,0.0,0.0
1454,0.0,0.0,0.0,0.0,0.0,0.0,0.0,0.0
1455,0.0,0.0,0.0,0.0,0.0,0.0,0.0,0.0
1456,0.0,0.0,0.0,0.0,0.0,0.0,0.0,0.0
1457,0.0,0.0,0.0,0.0,0.0,0.0,0.0,0.0
1458,0.0,0.0,0.0,0.0,0.0,0.0,0.0,0.0
1459,0.0,0.0,0.0,0.0,0.0,0.0,0.0,0.0
1460,0.0,0.0,0.0,0.0,0.0,0.0,0.0,0.0
1461,0.0,0.0,0.0,0.0,0.0,0.0,0.0,0.0
1462,0.0,0.0,0.0,0.0,0.0,0.0,0.0,0.0
1463,0.0,0.0,0.0,0.0,0.0,0.0,0.0,0.0
1464,0.0,0.0,0.0,0.0,0.0,0.0,0.0,0.0
1465,0.0,0.0,0.0,0.0,0.0,0.0,0.0,0.0
1466,0.0,0.0,0.0,0.0,0.0,0.0,0.0,0.0
1467,0.0,0.0,0.0,0.0,0.0,0.0,0.0,0.0
1468,0.0,0.0,0.0,0.0,0.0,0.0,0.0,0.0
1469,0.0,0.0,0.0,0.0,0.0,0.0,0.0,0.0
1470,0.0,0.0,0.0,0.0,0.0,0.0,0.0,0.0
1471,0.0,0.0,0.0,0.0,0.0,0.0,0.0,0.0
1472,0.0,0.0,0.0,0.0,0.0,0.0,0.0,0.0
1473,0.0,0.0,0.0,0.0,0.0,0.0,0.0,0.0
1474,0.0,0.0,0.0,0.0,0.0,0.0,0.0,0.0
1475,0.0,0.0,0.0,0.0,0.0,0.0,0.0,0.0
1476,0.0,0.0,0.0,0.0,0.0,0.0,0.0,0.0
1477,0.0,0.0,0.0,0.0,0.0,0.0,0.0,0.0
1478,0.0,0.0,0.0,0.0,0.0,0.0,0.0,0.0
1479,0.0,0.0,0.0,0.0,0.0,0.0,0.0,0.0
1480,0.0,0.0,0.0,0.0,0.0,0.0,0.0,0.0
1481,0.0,0.0,0.0,0.0,0.0,0.0,0.0,0.0
1482,0.0,0.0,0.0,0.0,0.0,0.0,0.0,0.0
1483,0.0,0.0,0.0,0.0,0.0,0.0,0.0,0.0
1484,0.0,0.0,0.0,0.0,0.0,0.0,0.0,0.0
1485,0.0,0.0,0.0,0.0,0.0,0.0,0.0,0.0
1486,0.0,0.0,0.0,0.0,0.0,0.0,0.0,0.0
1487,0.0,0.0,0.0,0.0,0.0,0.0,0.0,0.0
1488,0.0,0.0,0.0,0.0,0.0,0.0,0.0,0.0
1489,0.0,0.0,0.0,0.0,0.0,0.0,0.0,0.0
1490,0.0,0.0,0.0,0.0,0.0,0.0,0.0,0.0
1491,0.0,0.0,0.0,0.0,0.0,0.0,0.0,0.0
1492,0.0,0.0,0.0,0.0,0.0,0.0,0.0,0.0
1493,0.0,0.0,0.0,0.0,0.0,0.0,0.0,0.0
1494,0.0,0.0,0.0,0.0,0.0,0.0,0.0,0.0
1495,0.0,0.0,0.0,0.0,0.0,0.0,0.0,0.0
1496,0.0,0.0,0.0,0.0,0.0,0.0,0.0,0.0
1497,0.0,0.0,0.0,0.0,0.0,0.0,0.0,0.0
1498,0.0,0.0,0.0,0.0,0.0,0.0,0.0,0.0
1499,0.0,0.0,0.0,0.0,0.0,0.0,0.0,0.0
1500,0.0,0.0,0.0,0.0,0.0,0.0,0.0,0.0
1501,0.0,0.0,0.0,0.0,0.0,0.0,0.0,0.0
1502,0.0,0.0,0.0,0.0,0.0,0.0,0.0,0.0
1503,0.0,0.0,0.0,0.0,0.0,0.0,0.0,0.0
1504,0.0,0.0,0.0,0.0,0.0,0.0,0.0,0.0
1505,0.0,0.0,0.0,0.0,0.0,0.0,0.0,0.0
1506,0.0,0.0,0.0,0.0,0.0,0.0,0.0,0.0
1507,0.0,0.0,0.0,0.0,0.0,0.0,0.0,0.0
1508,0.0,0.0,0.0,0.0,0.0,0.0,0.0,0.0
1509,0.0,0.0,0.0,0.0,0.0,0.0,0.0,0.0
1510,0.0,0.0,0.0,0.0,0.0,0.0,0.0,0.0
1511,0.0,0.0,0.0,0.0,0.0,0.0,0.0,0.0
1512,0.0,0.0,0.0,0.0,0.0,0.0,0.0,0.0
1513,0.0,0.0,0.0,0.0,0.0,0.0,0.0,0.0
1514,0.0,0.0,0.0,0.0,0.0,0.0,0.0,0.0
1515,0.0,0.0,0.0,0.0,0.0,0.0,0.0,0.0
1516,0.0,0.0,0.0,0.0,0.0,0.0,0.0,0.0
1517,0.0,0.0,0.0,0.0,0.0,0.0,0.0,0.0
1518,0.0,0.0,0.0,0.0,0.0,0.0,0.0,0.0
1519,0.0,0.0,0.0,0.0,0.0,0.0,0.0,0.0
1520,0.0,0.0,0.0,0.0,0.0,0.0,0.0,0.0
1521,0.0,0.0,0.0,0.0,0.0,0.0,0.0,0.0
1522,0.0,0.0,0.0,0.0,0.0,0.0,0.0,0.0
1523,0.0,0.0,0.0,0.0,0.0,0.0,0.0,0.0
1524,0.0,0.0,0.0,0.0,0.0,0.0,0.0,0.0
1525,0.0,0.0,0.0,0.0,0.0,0.0,0.0,0.0
1526,0.0,0.0,0.0,0.0,0.0,0.0,0.0,0.0
1527,0.0,0.0,0.0,0.0,0.0,0.0,0.0,0.0
1528,0.0,0.0,0.0,0.0,0.0,0.0,0.0,0.0
1529,0.0,0.0,0.0,0.0,0.0,0.0,0.0,0.0
1530,0.0,0.0,0.0,0.0,0.0,0.0,0.0,0.0
1531,0.0,0.0,0.0,0.0,0.0,0.0,0.0,0.0
1532,0.0,0.0,0.0,0.0,0.0,0.0,0.0,0.0
1533,0.0,0.0,0.0,0.0,0.0,0.0,0.0,0.0
1534,0.0,0.0,0.0,0.0,0.0,0.0,0.0,0.0
1535,0.0,0.0,0.0,0.0,0.0,0.0,0.0,0.0
1536,0.0,0.0,0.0,0.0,0.0,0.0,0.0,0.0
1537,0.0,0.0,0.0,0.0,0.0,0.0,0.0,0.0
1538,0.0,0.0,0.0,0.0,0.0,0.0,0.0,0.0
1539,0.0,0.0,0.0,0.0,0.0,0.0,0.0,0.0
1540,0.0,0.0,0.0,0.0,0.0,0.0,0.0,0.0
1541,0.0,0.0,0.0,0.0,0.0,0.0,0.0,0.0
1542,0.0,0.0,0.0,0.0,0.0,0.0,0.0,0.0
1543,0.0,0.0,0.0,0.0,0.0,0.0,0.0,0.0
1544,0.0,0.0,0.0,0.0,0.0,0.0,0.0,0.0
1545,0.0,0.0,0.0,0.0,0.0,0.0,0.0,0.0
1546,0.0,0.0,0.0,0.0,0.0,0.0,0.0,0.0
1547,0.0,0.0,0.0,0.0,0.0,0.0,0.0,0.0
1548,0.0,0.0,0.0,0.0,0.0,0.0,0.0,0.0
1549,0.0,0.0,0.0,0.0,0.0,0.0,0.0,0.0
1550,0.0,0.0,0.0,0.0,0.0,0.0,0.0,0.0
1551,0.0,0.0,0.0,0.0,0.0,0.0,0.0,0.0
1552,0.0,0.0,0.0,0.0,0.0,0.0,0.0,0.0
1553,0.0,0.0,0.0,0.0,0.0,0.0,0.0,0.0
1554,0.0,0.0,0.0,0.0,0.0,0.0,0.0,0.0
1555,0.0,0.0,0.0,0.0,0.0,0.0,0.0,0.0
1556,0.0,0.0,0.0,0.0,0.0,0.0,0.0,0.0
1557,0.0,0.0,0.0,0.0,0.0,0.0,0.0,0.0
1558,0.0,0.0,0.0,0.0,0.0,0.0,0.0,0.0
1559,0.0,0.0,0.0,0.0,0.0,0.0,0.0,0.0
1560,0.0,0.0,0.0,0.0,0.0,0.0,0.0,0.0
1561,0.0,0.0,0.0,0.0,0.0,0.0,0.0,0.0
1562,0.0,0.0,0.0,0.0,0.0,0.0,0.0,0.0
1563,0.0,0.0,0.0,0.0,0.0,0.0,0.0,0.0
1564,0.0,0.0,0.0,0.0,0.0,0.0,0.0,0.0
1565,0.0,0.0,0.0,0.0,0.0,0.0,0.0,0.0
1566,0.0,0.0,0.0,0.0,0.0,0.0,0.0,0.0
1567,0.0,0.0,0.0,0.0,0.0,0.0,0.0,0.0
1568,0.0,0.0,0.0,0.0,0.0,0.0,0.0,0.0
1569,0.0,0.0,0.0,0.0,0.0,0.0,0.0,0.0
1570,0.0,0.0,0.0,0.0,0.0,0.0,0.0,0.0
1571,0.0,0.0,0.0,0.0,0.0,0.0,0.0,0.0
1572,0.0,0.0,0.0,0.0,0.0,0.0,0.0,0.0
1573,0.0,0.0,0.0,0.0,0.0,0.0,0.0,0.0
1574,0.0,0.0,0.0,0.0,0.0,0.0,0.0,0.0
1575,0.0,0.0,0.0,0.0,0.0,0.0,0.0,0.0
1576,0.0,0.0,0.0,0.0,0.0,0.0,0.0,0.0
1577,0.0,0.0,0.0,0.0,0.0,0.0,0.0,0.0
1578,0.0,0.0,0.0,0.0,0.0,0.0,0.0,0.0
1579,0.0,0.0,0.0,0.0,0.0,0.0,0.0,0.0
1580,0.0,0.0,0.0,0.0,0.0,0.0,0.0,0.0
1581,0.0,0.0,0.0,0.0,0.0,0.0,0.0,0.0
1582,0.0,0.0,0.0,0.0,0.0,0.0,0.0,0.0
1583,0.0,0.0,0.0,0.0,0.0,0.0,0.0,0.0
1584,0.0,0.0,0.0,0.0,0.0,0.0,0.0,0.0
1585,0.0,0.0,0.0,0.0,0.0,0.0,0.0,0.0
1586,0.0,0.0,0.0,0.0,0.0,0.0,0.0,0.0
1587,0.0,0.0,0.0,0.0,0.0,0.0,0.0,0.0
1588,0.0,0.0,0.0,0.0,0.0,0.0,0.0,0.0
1589,0.0,0.0,0.0,0.0,0.0,0.0,0.0,0.0
1590,0.0,0.0,0.0,0.0,0.0,0.0,0.0,0.0
1591,0.0,0.0,0.0,0.0,0.0,0.0,0.0,0.0
1592,0.0,0.0,0.0,0.0,0.0,0.0,0.0,0.0
1593,0.0,0.0,0.0,0.0,0.0,0.0,0.0,0.0
1594,0.0,0.0,0.0,0.0,0.0,0.0,0.0,0.0
1595,0.0,0.0,0.0,0.0,0.0,0.0,0.0,0.0
1596,0.0,0.0,0.0,0.0,0.0,0.0,0.0,0.0
1597,0.0,0.0,0.0,0.0,0.0,0.0,0.0,0.0
1598,0.0,0.0,0.0,0.0,0.0,0.0,0.0,0.0
1599,0.0,0.0,0.0,0.0,0.0,0.0,0.0,0.0
1600,0.0,0.0,0.0,0.0,0.0,0.0,0.0,0.0
1601,0.0,0.0,0.0,0.0,0.0,0.0,0.0,0.0
1602,0.0,0.0,0.0,0.0,0.0,0.0,0.0,0.0
1603,0.0,0.0,0.0,0.0,0.0,0.0,0.0,0.0
1604,0.0,0.0,0.0,0.0,0.0,0.0,0.0,0.0
1605,0.0,0.0,0.0,0.0,0.0,0.0,0.0,0.0
1606,0.0,0.0,0.0,0.0,0.0,0.0,0.0,0.0
1607,0.0,0.0,0.0,0.0,0.0,0.0,0.0,0.0
1608,0.0,0.0,0.0,0.0,0.0,0.0,0.0,0.0
1609,0.0,0.0,0.0,0.0,0.0,0.0,0.0,0.0
1610,0.0,0.0,0.0,0.0,0.0,0.0,0.0,0.0
1611,0.0,0.0,0.0,0.0,0.0,0.0,0.0,0.0
1612,0.0,0.0,0.0,0.0,0.0,0.0,0.0,0.0
1613,0.0,0.0,0.0,0.0,0.0,0.0,0.0,0.0
1614,0.0,0.0,0.0,0.0,0.0,0.0,0.0,0.0
1615,0.0,0.0,0.0,0.0,0.0,0.0,0.0,0.0
1616,0.0,0.0,0.0,0.0,0.0,0.0,0.0,0.0
1617,0.0,0.0,0.0,0.0,0.0,0.0,0.0,0.0
1618,0.0,0.0,0.0,0.0,0.0,0.0,0.0,0.0
1619,0.0,0.0,0.0,0.0,0.0,0.0,0.0,0.0
1620,0.0,0.0,0.0,0.0,0.0,0.0,0.0,0.0
1621,0.0,0.0,0.0,0.0,0.0,0.0,0.0,0.0
1622,0.0,0.0,0.0,0.0,0.0,0.0,0.0,0.0
1623,0.0,0.0,0.0,0.0,0.0,0.0,0.0,0.0
1624,0.0,0.0,0.0,0.0,0.0,0.0,0.0,0.0
1625,0.0,0.0,0.0,0.0,0.0,0.0,0.0,0.0
1626,0.0,0.0,0.0,0.0,0.0,0.0,0.0,0.0
1627,0.0,0.0,0.0,0.0,0.0,0.0,0.0,0.0
1628,0.0,0.0,0.0,0.0,0.0,0.0,0.0,0.0
1629,0.0,0.0,0.0,0.0,0.0,0.0,0.0,0.0
1630,0.0,0.0,0.0,0.0,0.0,0.0,0.0,0.0
1631,0.0,0.0,0.0,0.0,0.0,0.0,0.0,0.0
1632,0.0,0.0,0.0,0.0,0.0,0.0,0.0,0.0
1633,0.0,0.0,0.0,0.0,0.0,0.0,0.0,0.0
1634,0.0,0.0,0.0,0.0,0.0,0.0,0.0,0.0
1635,0.0,0.0,0.0,0.0,0.0,0.0,0.0,0.0
1636,0.0,0.0,0.0,0.0,0.0,0.0,0.0,0.0
1637,0.0,0.0,0.0,0.0,0.0,0.0,0.0,0.0
1638,0.0,0.0,0.0,0.0,0.0,0.0,0.0,0.0
1639,0.0,0.0,0.0,0.0,0.0,0.0,0.0,0.0
1640,0.0,0.0,0.0,0.0,0.0,0.0,0.0,0.0
1641,0.0,0.0,0.0,0.0,0.0,0.0,0.0,0.0
1642,0.0,0.0,0.0,0.0,0.0,0.0,0.0,0.0
1643,0.0,0.0,0.0,0.0,0.0,0.0,0.0,0.0
1644,0.0,0.0,0.0,0.0,0.0,0.0,0.0,0.0
1645,0.0,0.0,0.0,0.0,0.0,0.0,0.0,0.0
1646,0.0,0.0,0.0,0.0,0.0,0.0,0.0,0.0
1647,0.0,0.0,0.0,0.0,0.0,0.0,0.0,0.0
1648,0.0,0.0,0.0,0.0,0.0,0.0,0.0,0.0
1649,0.0,0.0,0.0,0.0,0.0,0.0,0.0,0.0
1650,0.0,0.0,0.0,0.0,0.0,0.0,0.0,0.0
1651,0.0,0.0,0.0,0.0,0.0,0.0,0.0,0.0
1652,0.0,0.0,0.0,0.0,0.0,0.0,0.0,0.0
1653,0.0,0.0,0.0,0.0,0.0,0.0,0.0,0.0
1654,0.0,0.0,0.0,0.0,0.0,0.0,0.0,0.0
1655,0.0,0.0,0.0,0.0,0.0,0.0,0.0,0.0
1656,0.0,0.0,0.0,0.0,0.0,0.0,0.0,0.0
1657,0.0,0.0,0.0,0.0,0.0,0.0,0.0,0.0
1658,0.0,0.0,0.0,0.0,0.0,0.0,0.0,0.0
1659,0.0,0.0,0.0,0.0,0.0,0.0,0.0,0.0
1660,0.0,0.0,0.0,0.0,0.0,0.0,0.0,0.0
1661,0.0,0.0,0.0,0.0,0.0,0.0,0.0,0.0
1662,0.0,0.0,0.0,0.0,0.0,0.0,0.0,0.0
1663,0.0,0.0,0.0,0.0,0.0,0.0,0.0,0.0
1664,0.0,0.0,0.0,0.0,0.0,0.0,0.0,0.0
1665,0.0,0.0,0.0,0.0,0.0,0.0,0.0,0.0
1666,0.0,0.0,0.0,0.0,0.0,0.0,0.0,0.0
1667,0.0,0.0,0.0,0.0,0.0,0.0,0.0,0.0
1668,0.0,0.0,0.0,0.0,0.0,0.0,0.0,0.0
1669,0.0,0.0,0.0,0.0,0.0,0.0,0.0,0.0
1670,0.0,0.0,0.0,0.0,0.0,0.0,0.0,0.0
1671,0.0,0.0,0.0,0.0,0.0,0.0,0.0,0.0
1672,0.0,0.0,0.0,0.0,0.0,0.0,0.0,0.0
1673,0.0,0.0,0.0,0.0,0.0,0.0,0.0,0.0
1674,0.0,0.0,0.0,0.0,0.0,0.0,0.0,0.0
1675,0.0,0.0,0.0,0.0,0.0,0.0,0.0,0.0
1676,0.0,0.0,0.0,0.0,0.0,0.0,0.0,0.0
1677,0.0,0.0,0.0,0.0,0.0,0.0,0.0,0.0
1678,0.0,0.0,0.0,0.0,0.0,0.0,0.0,0.0
1679,0.0,0.0,0.0,0.0,0.0,0.0,0.0,0.0
1680,0.0,0.0,0.0,0.0,0.0,0.0,0.0,0.0
1681,0.0,0.0,0.0,0.0,0.0,0.0,0.0,0.0
1682,0.0,0.0,0.0,0.0,0.0,0.0,0.0,0.0
1683,0.0,0.0,0.0,0.0,0.0,0.0,0.0,0.0
1684,0.0,0.0,0.0,0.0,0.0,0.0,0.0,0.0
1685,0.0,0.0,0.0,0.0,0.0,0.0,0.0,0.0
1686,0.0,0.0,0.0,0.0,0.0,0.0,0.0,0.0
1687,0.0,0.0,0.0,0.0,0.0,0.0,0.0,0.0
1688,0.0,0.0,0.0,0.0,0.0,0.0,0.0,0.0
1689,0.0,0.0,0.0,0.0,0.0,0.0,0.0,0.0
1690,0.0,0.0,0.0,0.0,0.0,0.0,0.0,0.0
1691,0.0,0.0,0.0,0.0,0.0,0.0,0.0,0.0
1692,0.0,0.0,0.0,0.0,0.0,0.0,0.0,0.0
1693,0.0,0.0,0.0,0.0,0.0,0.0,0.0,0.0
1694,0.0,0.0,0.0,0.0,0.0,0.0,0.0,0.0
1695,0.0,0.0,0.0,0.0,0.0,0.0,0.0,0.0
1696,0.0,0.0,0.0,0.0,0.0,0.0,0.0,0.0
1697,0.0,0.0,0.0,0.0,0.0,0.0,0.0,0.0
1698,0.0,0.0,0.0,0.0,0.0,0.0,0.0,0.0
1699,0.0,0.0,0.0,0.0,0.0,0.0,0.0,0.0
1700,0.0,0.0,0.0,0.0,0.0,0.0,0.0,0.0
1701,0.0,0.0,0.0,0.0,0.0,0.0,0.0,0.0
1702,0.0,0.0,0.0,0.0,0.0,0.0,0.0,0.0
1703,0.0,0.0,0.0,0.0,0.0,0.0,0.0,0.0
1704,0.0,0.0,0.0,0.0,0.0,0.0,0.0,0.0
1705,0.0,0.0,0.0,0.0,0.0,0.0,0.0,0.0
1706,0.0,0.0,0.0,0.0,0.0,0.0,0.0,0.0
1707,0.0,0.0,0.0,0.0,0.0,0.0,0.0,0.0
1708,0.0,0.0,0.0,0.0,0.0,0.0,0.0,0.0
1709,0.0,0.0,0.0,0.0,0.0,0.0,0.0,0.0
1710,0.0,0.0,0.0,0.0,0.0,0.0,0.0,0.0
1711,0.0,0.0,0.0,0.0,0.0,0.0,0.0,0.0
1712,0.0,0.0,0.0,0.0,0.0,0.0,0.0,0.0
1713,0.0,0.0,0.0,0.0,0.0,0.0,0.0,0.0
1714,0.0,0.0,0.0,0.0,0.0,0.0,0.0,0.0
1715,0.0,0.0,0.0,0.0,0.0,0.0,0.0,0.0
1716,0.0,0.0,0.0,0.0,0.0,0.0,0.0,0.0
1717,0.0,0.0,0.0,0.0,0.0,0.0,0.0,0.0
1718,0.0,0.0,0.0,0.0,0.0,0.0,0.0,0.0
1719,0.0,0.0,0.0,0.0,0.0,0.0,0.0,0.0
1720,0.0,0.0,0.0,0.0,0.0,0.0,0.0,0.0
1721,0.0,0.0,0.0,0.0,0.0,0.0,0.0,0.0
1722,0.0,0.0,0.0,0.0,0.0,0.0,0.0,0.0
1723,0.0,0.0,0.0,0.0,0.0,0.0,0.0,0.0
1724,0.0,0.0,0.0,0.0,0.0,0.0,0.0,0.0
1725,0.0,0.0,0.0,0.0,0.0,0.0,0.0,0.0
1726,0.0,0.0,0.0,0.0,0.0,0.0,0.0,0.0
1727,0.0,0.0,0.0,0.0,0.0,0.0,0.0,0.0
1728,0.0,0.0,0.0,0.0,0.0,0.0,0.0,0.0
1729,0.0,0.0,0.0,0.0,0.0,0.0,0.0,0.0
1730,0.0,0.0,0.0,0.0,0.0,0.0,0.0,0.0
1731,0.0,0.0,0.0,0.0,0.0,0.0,0.0,0.0
1732,0.0,0.0,0.0,0.0,0.0,0.0,0.0,0.0
1733,0.0,0.0,0.0,0.0,0.0,0.0,0.0,0.0
1734,0.0,0.0,0.0,0.0,0.0,0.0,0.0,0.0
1735,0.0,0.0,0.0,0.0,0.0,0.0,0.0,0.0
1736,0.0,0.0,0.0,0.0,0.0,0.0,0.0,0.0
1737,0.0,0.0,0.0,0.0,0.0,0.0,0.0,0.0
1738,0.0,0.0,0.0,0.0,0.0,0.0,0.0,0.0
1739,0.0,0.0,0.0,0.0,0.0,0.0,0.0,0.0
1740,0.0,0.0,0.0,0.0,0.0,0.0,0.0,0.0
1741,0.0,0.0,0.0,0.0,0.0,0.0,0.0,0.0
1742,0.0,0.0,0.0,0.0,0.0,0.0,0.0,0.0
1743,0.0,0.0,0.0,0.0,0.0,0.0,0.0,0.0
1744,0.0,0.0,0.0,0.0,0.0,0.0,0.0,0.0
1745,0.0,0.0,0.0,0.0,0.0,0.0,0.0,0.0
1746,0.0,0.0,0.0,0.0,0.0,0.0,0.0,0.0
1747,0.0,0.0,0.0,0.0,0.0,0.0,0.0,0.0
1748,0.0,0.0,0.0,0.0,0.0,0.0,0.0,0.0
1749,0.0,0.0,0.0,0.0,0.0,0.0,0.0,0.0
1750,0.0,0.0,0.0,0.0,0.0,0.0,0.0,0.0
1751,0.0,0.0,0.0,0.0,0.0,0.0,0.0,0.0
1752,0.0,0.0,0.0,0.0,0.0,0.0,0.0,0.0
1753,0.0,0.0,0.0,0.0,0.0,0.0,0.0,0.0
1754,0.0,0.0,0.0,0.0,0.0,0.0,0.0,0.0
1755,0.0,0.0,0.0,0.0,0.0,0.0,0.0,0.0
1756,0.0,0.0,0.0,0.0,0.0,0.0,0.0,0.0
1757,0.0,0.0,0.0,0.0,0.0,0.0,0.0,0.0
1758,0.0,0.0,0.0,0.0,0.0,0.0,0.0,0.0
1759,0.0,0.0,0.0,0.0,0.0,0.0,0.0,0.0
1760,0.0,0.0,0.0,0.0,0.0,0.0,0.0,0.0
1761,0.0,0.0,0.0,0.0,0.0,0.0,0.0,0.0
1762,0.0,0.0,0.0,0.0,0.0,0.0,0.0,0.0
1763,0.0,0.0,0.0,0.0,0.0,0.0,0.0,0.0
1764,0.0,0.0,0.0,0.0,0.0,0.0,0.0,0.0
1765,0.0,0.0,0.0,0.0,0.0,0.0,0.0,0.0
1766,0.0,0.0,0.0,0.0,0.0,0.0,0.0,0.0
1767,0.0,0.0,0.0,0.0,0.0,0.0,0.0,0.0
1768,0.0,0.0,0.0,0.0,0.0,0.0,0.0,0.0
1769,0.0,0.0,0.0,0.0,0.0,0.0,0.0,0.0
1770,0.0,0.0,0.0,0.0,0.0,0.0,0.0,0.0
1771,0.0,0.0,0.0,0.0,0.0,0.0,0.0,0.0
1772,0.0,0.0,0.0,0.0,0.0,0.0,0.0,0.0
1773,0.0,0.0,0.0,0.0,0.0,0.0,0.0,0.0
1774,0.0,0.0,0.0,0.0,0.0,0.0,0.0,0.0
1775,0.0,0.0,0.0,0.0,0.0,0.0,0.0,0.0
1776,0.0,0.0,0.0,0.0,0.0,0.0,0.0,0.0
1777,0.0,0.0,0.0,0.0,0.0,0.0,0.0,0.0
1778,0.0,0.0,0.0,0.0,0.0,0.0,0.0,0.0
1779,0.0,0.0,0.0,0.0,0.0,0.0,0.0,0.0
1780,0.0,0.0,0.0,0.0,0.0,0.0,0.0,0.0
1781,0.0,0.0,0.0,0.0,0.0,0.0,0.0,0.0
1782,0.0,0.0,0.0,0.0,0.0,0.0,0.0,0.0
1783,0.0,0.0,0.0,0.0,0.0,0.0,0.0,0.0
1784,0.0,0.0,0.0,0.0,0.0,0.0,0.0,0.0
1785,0.0,0.0,0.0,0.0,0.0,0.0,0.0,0.0
1786,0.0,0.0,0.0,0.0,0.0,0.0,0.0,0.0
1787,0.0,0.0,0.0,0.0,0.0,0.0,0.0,0.0
1788,0.0,0.0,0.0,0.0,0.0,0.0,0.0,0.0
1789,0.0,0.0,0.0,0.0,0.0,0.0,0.0,0.0
1790,0.0,0.0,0.0,0.0,0.0,0.0,0.0,0.0
1791,0.0,0.0,0.0,0.0,0.0,0.0,0.0,0.0
1792,0.0,0.0,0.0,0.0,0.0,0.0,0.0,0.0
1793,0.0,0.0,0.0,0.0,0.0,0.0,0.0,0.0
1794,0.0,0.0,0.0,0.0,0.0,0.0,0.0,0.0
1795,0.0,0.0,0.0,0.0,0.0,0.0,0.0,0.0
1796,0.0,0.0,0.0,0.0,0.0,0.0,0.0,0.0
1797,0.0,0.0,0.0,0.0,0.0,0.0,0.0,0.0
1798,0.0,0.0,0.0,0.0,0.0,0.0,0.0,0.0
1799,0.0,0.0,0.0,0.0,0.0,0.0,0.0,0.0
1800,0.0,0.0,0.0,0.0,0.0,0.0,0.0,0.0
1801,0.0,0.0,0.0,0.0,0.0,0.0,0.0,0.0
1802,0.0,0.0,0.0,0.0,0.0,0.0,0.0,0.0
1803,0.0,0.0,0.0,0.0,0.0,0.0,0.0,0.0
1804,0.0,0.0,0.0,0.0,0.0,0.0,0.0,0.0
1805,0.0,0.0,0.0,0.0,0.0,0.0,0.0,0.0
1806,0.0,0.0,0.0,0.0,0.0,0.0,0.0,0.0
1807,0.0,0.0,0.0,0.0,0.0,0.0,0.0,0.0
1808,0.0,0.0,0.0,0.0,0.0,0.0,0.0,0.0
1809,0.0,0.0,0.0,0.0,0.0,0.0,0.0,0.0
1810,0.0,0.0,0.0,0.0,0.0,0.0,0.0,0.0
1811,0.0,0.0,0.0,0.0,0.0,0.0,0.0,0.0
1812,0.0,0.0,0.0,0.0,0.0,0.0,0.0,0.0
1813,0.0,0.0,0.0,0.0,0.0,0.0,0.0,0.0
1814,0.0,0.0,0.0,0.0,0.0,0.0,0.0,0.0
1815,0.0,0.0,0.0,0.0,0.0,0.0,0.0,0.0
1816,0.0,0.0,0.0,0.0,0.0,0.0,0.0,0.0
1817,0.0,0.0,0.0,0.0,0.0,0.0,0.0,0.0
1818,0.0,0.0,0.0,0.0,0.0,0.0,0.0,0.0
1819,0.0,0.0,0.0,0.0,0.0,0.0,0.0,0.0
1820,0.0,0.0,0.0,0.0,0.0,0.0,0.0,0.0
1821,0.0,0.0,0.0,0.0,0.0,0.0,0.0,0.0
1822,0.0,0.0,0.0,0.0,0.0,0.0,0.0,0.0
1823,0.0,0.0,0.0,0.0,0.0,0.0,0.0,0.0
1824,0.0,0.0,0.0,0.0,0.0,0.0,0.0,0.0
1825,0.0,0.0,0.0,0.0,0.0,0.0,0.0,0.0
1826,0.0,0.0,0.0,0.0,0.0,0.0,0.0,0.0
1827,0.0,0.0,0.0,0.0,0.0,0.0,0.0,0.0
1828,0.0,0.0,0.0,0.0,0.0,0.0,0.0,0.0
1829,0.0,0.0,0.0,0.0,0.0,0.0,0.0,0.0
1830,0.0,0.0,0.0,0.0,0.0,0.0,0.0,0.0
1831,0.0,0.0,0.0,0.0,0.0,0.0,0.0,0.0
1832,0.0,0.0,0.0,0.0,0.0,0.0,0.0,0.0
1833,0.0,0.0,0.0,0.0,0.0,0.0,0.0,0.0
1834,0.0,0.0,0.0,0.0,0.0,0.0,0.0,0.0
1835,0.0,0.0,0.0,0.0,0.0,0.0,0.0,0.0
1836,0.0,0.0,0.0,0.0,0.0,0.0,0.0,0.0
1837,0.0,0.0,0.0,0.0,0.0,0.0,0.0,0.0
1838,0.0,0.0,0.0,0.0,0.0,0.0,0.0,0.0
1839,0.0,0.0,0.0,0.0,0.0,0.0,0.0,0.0
1840,0.0,0.0,0.0,0.0,0.0,0.0,0.0,0.0
1841,0.0,0.0,0.0,0.0,0.0,0.0,0.0,0.0
1842,0.0,0.0,0.0,0.0,0.0,0.0,0.0,0.0
1843,0.0,0.0,0.0,0.0,0.0,0.0,0.0,0.0
1844,0.0,0.0,0.0,0.0,0.0,0.0,0.0,0.0
1845,0.0,0.0,0.0,0.0,0.0,0.0,0.0,0.0
1846,0.0,0.0,0.0,0.0,0.0,0.0,0.0,0.0
1847,0.0,0.0,0.0,0.0,0.0,0.0,0.0,0.0
1848,0.0,0.0,0.0,0.0,0.0,0.0,0.0,0.0
1849,0.0,0.0,0.0,0.0,0.0,0.0,0.0,0.0
1850,0.0,0.0,0.0,0.0,0.0,0.0,0.0,0.0
1851,0.0,0.0,0.0,0.0,0.0,0.0,0.0,0.0
1852,0.0,0.0,0.0,0.0,0.0,0.0,0.0,0.0
1853,0.0,0.0,0.0,0.0,0.0,0.0,0.0,0.0
1854,0.0,0.0,0.0,0.0,0.0,0.0,0.0,0.0
1855,0.0,0.0,0.0,0.0,0.0,0.0,0.0,0.0
1856,0.0,0.0,0.0,0.0,0.0,0.0,0.0,0.0
1857,0.0,0.0,0.0,0.0,0.0,0.0,0.0,0.0
1858,0.0,0.0,0.0,0.0,0.0,0.0,0.0,0.0
1859,0.0,0.0,0.0,0.0,0.0,0.0,0.0,0.0
1860,0.0,0.0,0.0,0.0,0.0,0.0,0.0,0.0
1861,0.0,0.0,0.0,0.0,0.0,0.0,0.0,0.0
1862,0.0,0.0,0.0,0.0,0.0,0.0,0.0,0.0
1863,0.0,0.0,0.0,0.0,0.0,0.0,0.0,0.0
1864,0.0,0.0,0.0,0.0,0.0,0.0,0.0,0.0
1865,0.0,0.0,0.0,0.0,0.0,0.0,0.0,0.0
1866,0.0,0.0,0.0,0.0,0.0,0.0,0.0,0.0
1867,0.0,0.0,0.0,0.0,0.0,0.0,0.0,0.0
1868,0.0,0.0,0.0,0.0,0.0,0.0,0.0,0.0
1869,0.0,0.0,0.0,0.0,0.0,0.0,0.0,0.0
1870,0.0,0.0,0.0,0.0,0.0,0.0,0.0,0.0
1871,0.0,0.0,0.0,0.0,0.0,0.0,0.0,0.0
1872,0.0,0.0,0.0,0.0,0.0,0.0,0.0,0.0
1873,0.0,0.0,0.0,0.0,0.0,0.0,0.0,0.0
1874,0.0,0.0,0.0,0.0,0.0,0.0,0.0,0.0
1875,0.0,0.0,0.0,0.0,0.0,0.0,0.0,0.0
1876,0.0,0.0,0.0,0.0,0.0,0.0,0.0,0.0
1877,0.0,0.0,0.0,0.0,0.0,0.0,0.0,0.0
1878,0.0,0.0,0.0,0.0,0.0,0.0,0.0,0.0
1879,0.0,0.0,0.0,0.0,0.0,0.0,0.0,0.0
1880,0.0,0.0,0.0,0.0,0.0,0.0,0.0,0.0
1881,0.0,0.0,0.0,0.0,0.0,0.0,0.0,0.0
1882,0.0,0.0,0.0,0.0,0.0,0.0,0.0,0.0
1883,0.0,0.0,0.0,0.0,0.0,0.0,0.0,0.0
1884,0.0,0.0,0.0,0.0,0.0,0.0,0.0,0.0
1885,1.0,86.0,0.0,0.0,0.0,0.0,0.0,0.0
1886,1.0,53.0,0.0,0.0,1.0,0.0,0.0,0.0
1887,2.0,5.0,1.0,0.0,226.0,1.0,0.0,0.0
1888,2.0,11.0,1.0,0.0,1.0,234.0,0.0,0.0
1889,1.0,1.0,0.0,0.0,0.0,0.0,0.0,0.0
1890,0.0,0.0,0.0,0.0,0.0,0.0,0.0,0.0
1891,0.0,0.0,0.0,0.0,0.0,0.0,0.0,0.0
1892,0.0,0.0,0.0,0.0,0.0,0.0,0.0,0.0
1893,0.0,0.0,0.0,0.0,0.0,0.0,0.0,0.0
1894,0.0,0.0,0.0,0.0,0.0,0.0,0.0,0.0
1895,0.0,0.0,0.0,0.0,0.0,0.0,0.0,0.0
1896,0.0,0.0,0.0,0.0,0.0,0.0,0.0,0.0
1897,0.0,0.0,0.0,0.0,0.0,0.0,0.0,0.0
1898,0.0,0.0,0.0,0.0,0.0,0.0,0.0,0.0
1899,0.0,0.0,0.0,0.0,0.0,0.0,0.0,0.0
1900,0.0,0.0,0.0,0.0,0.0,0.0,0.0,0.0
1901,0.0,0.0,0.0,0.0,0.0,0.0,0.0,0.0
1902,0.0,0.0,0.0,0.0,0.0,0.0,0.0,0.0
1903,0.0,0.0,0.0,0.0,0.0,0.0,0.0,0.0
1904,1.0,1.0,0.0,0.0,0.0,0.0,0.0,0.0
1905,1.0,1.0,0.0,0.0,0.0,0.0,0.0,0.0
1906,1.0,1.0,0.0,0.0,0.0,0.0,0.0,0.0
1907,1.0,1.0,0.0,0.0,0.0,0.0,0.0,0.0
1908,1.0,1.0,0.0,0.0,0.0,0.0,0.0,0.0
1909,1.0,1.0,0.0,0.0,0.0,0.0,0.0,0.0
1910,0.0,0.0,0.0,0.0,0.0,0.0,0.0,0.0
1911,1.0,1.0,0.0,0.0,0.0,0.0,0.0,1.0
1912,0.0,0.0,0.0,0.0,0.0,0.0,0.0,1.0
1913,0.0,0.0,0.0,0.0,0.0,0.0,0.0,1.0
1914,0.0,0.0,0.0,0.0,0.0,0.0,0.0,1.0
1915,0.0,0.0,0.0,0.0,0.0,0.0,0.0,1.0
1916,0.0,0.0,0.0,0.0,0.0,0.0,0.0,1.0
1917,2.0,3.0,3.0,0.0,0.0,0.0,0.0,1.0
1918,2.0,3.0,1.0,0.0,0.0,0.0,0.0,1.0
1919,2.0,3.0,1.0,0.0,0.0,0.0,0.0,1.0
1920,2.0,3.0,1.0,0.0,0.0,0.0,0.0,1.0
1921,2.0,3.0,1.0,0.0,178.0,0.0,0.0,1.0
1922,2.0,2.0,2.0,0.0,170.0,4.0,0.0,1.0
1923,1.0,7.0,0.0,0.0,1.0,0.0,0.0,1.0
1924,1.0,19.0,0.0,0.0,4.0,0.0,0.0,1.0
1925,1.0,27.0,0.0,0.0,0.0,0.0,0.0,1.0
1926,1.0,24.0,0.0,0.0,0.0,0.0,0.0,1.0
1927,1.0,22.0,0.0,0.0,0.0,0.0,0.0,1.0
1928,1.0,24.0,0.0,0.0,0.0,0.0,0.0,1.0
1929,1.0,24.0,0.0,0.0,0.0,0.0,0.0,1.0
1930,1.0,25.0,0.0,0.0,0.0,0.0,0.0,1.0
1931,1.0,26.0,0.0,0.0,0.0,0.0,0.0,1.0
1932,1.0,20.0,0.0,0.0,0.0,0.0,0.0,1.0
1933,1.0,22.0,0.0,0.0,1.0,0.0,0.0,1.0
1934,1.0,18.0,0.0,0.0,0.0,0.0,0.0,1.0
